№,Province,District,Sub-District,Neighbourhood,Zip Code,tkgeo_country:idIso,geocotk:idIso
1,ADANA,ALADAĞ(KARSANTI),AKÖREN,CİVANBEY MAH.,01720,TK,TK
2,ADANA,ALADAĞ(KARSANTI),AKÖREN,TEPEBAĞ MAH.,01720,TK,TK
3,ADANA,ALADAĞ(KARSANTI),AKÖREN,YENİ MAH.,01720,TK,TK
4,ADANA,ALADAĞ(KARSANTI),KARSANTI,AKPINAR MAH.,01720,TK,TK
5,ADANA,ALADAĞ(KARSANTI),KARSANTI,BAŞPINAR MAH.,01720,TK,TK
6,ADANA,ALADAĞ(KARSANTI),KARSANTI,MANSURLU MAH.,01720,TK,TK
7,ADANA,ALADAĞ(KARSANTI),KARSANTI,SİNANPAŞA MAH.,01720,TK,TK
8,ADANA,ALADAĞ(KARSANTI),MERKEZKÖYLER,BOZTAHTA KÖYÜ,01720,TK,TK
9,ADANA,ALADAĞ(KARSANTI),MERKEZKÖYLER,BÜYÜKSOFULU KÖYÜ,01720,TK,TK
10,ADANA,ALADAĞ(KARSANTI),MERKEZKÖYLER,CERİTLER KÖYÜ,01720,TK,TK
11,ADANA,ALADAĞ(KARSANTI),MERKEZKÖYLER,DARILIK KÖYÜ,01720,TK,TK
12,ADANA,ALADAĞ(KARSANTI),MERKEZKÖYLER,DAYILAR KÖYÜ,01720,TK,TK
13,ADANA,ALADAĞ(KARSANTI),MERKEZKÖYLER,DÖLEKLİ KÖYÜ,01720,TK,TK
14,ADANA,ALADAĞ(KARSANTI),MERKEZKÖYLER,EĞNER KÖYÜ,01720,TK,TK
15,ADANA,ALADAĞ(KARSANTI),MERKEZKÖYLER,GERDİBİ KÖYÜ,01720,TK,TK
16,ADANA,ALADAĞ(KARSANTI),MERKEZKÖYLER,GÖKÇE KÖYÜ,01720,TK,TK
17,ADANA,ALADAĞ(KARSANTI),MERKEZKÖYLER,İBRİŞİM KÖYÜ,01720,TK,TK
18,ADANA,ALADAĞ(KARSANTI),MERKEZKÖYLER,KABASAKAL KÖYÜ,01720,TK,TK
19,ADANA,ALADAĞ(KARSANTI),MERKEZKÖYLER,KARAHAN KÖYÜ,01720,TK,TK
20,ADANA,ALADAĞ(KARSANTI),MERKEZKÖYLER,KICAK KÖYÜ,01720,TK,TK
21,ADANA,ALADAĞ(KARSANTI),MERKEZKÖYLER,KIŞLAK KÖYÜ,01720,TK,TK
22,ADANA,ALADAĞ(KARSANTI),MERKEZKÖYLER,KIZILDAM KÖYÜ,01720,TK,TK
23,ADANA,ALADAĞ(KARSANTI),MERKEZKÖYLER,KÖKEZ KÖYÜ,01720,TK,TK
24,ADANA,ALADAĞ(KARSANTI),MERKEZKÖYLER,KÖPRÜCEK KÖYÜ,01720,TK,TK
25,ADANA,ALADAĞ(KARSANTI),MERKEZKÖYLER,KÜP KÖYÜ,01720,TK,TK
26,ADANA,ALADAĞ(KARSANTI),MERKEZKÖYLER,MADENLİ KÖYÜ,01720,TK,TK
27,ADANA,ALADAĞ(KARSANTI),MERKEZKÖYLER,MAZILIK KÖYÜ,01720,TK,TK
28,ADANA,ALADAĞ(KARSANTI),MERKEZKÖYLER,TOPALLI KÖYÜ,01720,TK,TK
29,ADANA,ALADAĞ(KARSANTI),MERKEZKÖYLER,UZUNKUYU KÖYÜ,01720,TK,TK
30,ADANA,ALADAĞ(KARSANTI),MERKEZKÖYLER,YAĞBASAN KÖYÜ,01720,TK,TK
31,ADANA,ALADAĞ(KARSANTI),MERKEZKÖYLER,YENİKÖY KÖYÜ,01720,TK,TK
32,ADANA,ALADAĞ(KARSANTI),MERKEZKÖYLER,YETİMLİ KÖYÜ,01720,TK,TK
33,ADANA,ALADAĞ(KARSANTI),MERKEZKÖYLER,YÜKSEKÖREN KÖYÜ,01720,TK,TK
34,ADANA,CEYHAN,BİRKENT,CELİLUŞAĞI MAH.,01920,TK,TK
35,ADANA,CEYHAN,BİRKENT,ESKİKENT MAH.,01920,TK,TK
36,ADANA,CEYHAN,BİRKENT,YENİKENT MAH.,01920,TK,TK
37,ADANA,CEYHAN,BÜYÜKMANGIT,HİLAL MAH.,01920,TK,TK
38,ADANA,CEYHAN,BÜYÜKMANGIT,İSTİKLAL MAH.,01920,TK,TK
39,ADANA,CEYHAN,CEYHAN,ALTIOCAK MAH.,01920,TK,TK
40,ADANA,CEYHAN,CEYHAN,AYTEMİROĞLU MAH.,01920,TK,TK
41,ADANA,CEYHAN,CEYHAN,BELEDİYEEVLERİ MAH.,01920,TK,TK
42,ADANA,CEYHAN,CEYHAN,BOTA MAH.,01920,TK,TK
43,ADANA,CEYHAN,CEYHAN,CİVANTAYAK MAH.,01920,TK,TK
44,ADANA,CEYHAN,CEYHAN,KORUKLU MAH.,01920,TK,TK
45,ADANA,CEYHAN,CEYHAN,KÜÇÜKKIRIM MAH.,01920,TK,TK
46,ADANA,CEYHAN,CEYHAN,ŞEHİTHACIİBRAHİM MAH.,01920,TK,TK
47,ADANA,CEYHAN,CEYHAN,YARSUAT MAH.,01920,TK,TK
48,ADANA,CEYHAN,DORUK,HÜYÜK MAH.,01920,TK,TK
49,ADANA,CEYHAN,DORUK,YEŞİLYURT MAH.,01920,TK,TK
50,ADANA,CEYHAN,DORUK,YÜCE MAH.,01920,TK,TK
51,ADANA,CEYHAN,EMEK,MİTHATPAŞA MAH.,01940,TK,TK
52,ADANA,CEYHAN,EMEK,ŞAHİNÖZBİLEN MAH.,01940,TK,TK
53,ADANA,CEYHAN,EMEK,ULUS MAH.,01940,TK,TK
54,ADANA,CEYHAN,HAMDİLLİ,HAMDİLLİ MAH.,01920,TK,TK
55,ADANA,CEYHAN,KÖSRELİ,BAHÇELİEVLER MAH.,01920,TK,TK
56,ADANA,CEYHAN,KÖSRELİ,CUMHURİYET MAH.,01920,TK,TK
57,ADANA,CEYHAN,KÖSRELİ,DALKIR MAH.,01920,TK,TK
58,ADANA,CEYHAN,KÖSRELİ,DUMLUPINAR MAH.,01920,TK,TK
59,ADANA,CEYHAN,KURTKULAĞI,HÜRRİYET MAH.,01920,TK,TK
60,ADANA,CEYHAN,KURTKULAĞI,İSTİKLAL MAH.,01920,TK,TK
61,ADANA,CEYHAN,KURTPINAR,İNCİRLİ MAH.,01920,TK,TK
62,ADANA,CEYHAN,KURTPINAR,KARATEPE MAH.,01920,TK,TK
63,ADANA,CEYHAN,KURTPINAR,MERKEZ MAH.,01920,TK,TK
64,ADANA,CEYHAN,MERCİMEK,MERKEZ MAH.,01920,TK,TK
65,ADANA,CEYHAN,MERKEZKÖYLER,ADAPINAR KÖYÜ,01920,TK,TK
66,ADANA,CEYHAN,MERKEZKÖYLER,AĞAÇLI KÖYÜ,01920,TK,TK
67,ADANA,CEYHAN,MERKEZKÖYLER,AĞAÇPINAR KÖYÜ,01920,TK,TK
68,ADANA,CEYHAN,MERKEZKÖYLER,AKDAM KÖYÜ,01920,TK,TK
69,ADANA,CEYHAN,MERKEZKÖYLER,ALTIGÖZ KÖYÜ,01920,TK,TK
70,ADANA,CEYHAN,MERKEZKÖYLER,ALTIKARA KÖYÜ,01920,TK,TK
71,ADANA,CEYHAN,MERKEZKÖYLER,AYDINLAR KÖYÜ,01920,TK,TK
72,ADANA,CEYHAN,MERKEZKÖYLER,AZİZLİ KÖYÜ,01920,TK,TK
73,ADANA,CEYHAN,MERKEZKÖYLER,BAŞÖREN KÖYÜ,01920,TK,TK
74,ADANA,CEYHAN,MERKEZKÖYLER,BURHANLI KÖYÜ,01920,TK,TK
75,ADANA,CEYHAN,MERKEZKÖYLER,BÜYÜKBURHANİYE KÖYÜ,01920,TK,TK
76,ADANA,CEYHAN,MERKEZKÖYLER,CAMUZAĞILI KÖYÜ,01920,TK,TK
77,ADANA,CEYHAN,MERKEZKÖYLER,CEYHANBEKİRLİ KÖYÜ,01920,TK,TK
78,ADANA,CEYHAN,MERKEZKÖYLER,ÇAKALDERE KÖYÜ,01920,TK,TK
79,ADANA,CEYHAN,MERKEZKÖYLER,ÇATAKLI KÖYÜ,01920,TK,TK
80,ADANA,CEYHAN,MERKEZKÖYLER,ÇATALHÜYÜK KÖYÜ,01920,TK,TK
81,ADANA,CEYHAN,MERKEZKÖYLER,ÇEVRETEPE KÖYÜ,01920,TK,TK
82,ADANA,CEYHAN,MERKEZKÖYLER,ÇİÇEKLİ KÖYÜ,01920,TK,TK
83,ADANA,CEYHAN,MERKEZKÖYLER,ÇİFTLİKLER KÖYÜ,01920,TK,TK
84,ADANA,CEYHAN,MERKEZKÖYLER,ÇOKÇAPINAR KÖYÜ,01920,TK,TK
85,ADANA,CEYHAN,MERKEZKÖYLER,DAĞISTAN KÖYÜ,01920,TK,TK
86,ADANA,CEYHAN,MERKEZKÖYLER,DEĞİRMENDERE KÖYÜ,01920,TK,TK
87,ADANA,CEYHAN,MERKEZKÖYLER,DEĞİRMENLİ KÖYÜ,01920,TK,TK
88,ADANA,CEYHAN,MERKEZKÖYLER,DİKİLİTAŞ KÖYÜ,01920,TK,TK
89,ADANA,CEYHAN,MERKEZKÖYLER,DOKUZTEKNE KÖYÜ,01920,TK,TK
90,ADANA,CEYHAN,MERKEZKÖYLER,DUMLU KÖYÜ,01920,TK,TK
91,ADANA,CEYHAN,MERKEZKÖYLER,DURHASANDEDE KÖYÜ,01920,TK,TK
92,ADANA,CEYHAN,MERKEZKÖYLER,DUTLUPINAR KÖYÜ,01920,TK,TK
93,ADANA,CEYHAN,MERKEZKÖYLER,EKİNYAZI KÖYÜ,01920,TK,TK
94,ADANA,CEYHAN,MERKEZKÖYLER,ELMAGÖLÜ KÖYÜ,01920,TK,TK
95,ADANA,CEYHAN,MERKEZKÖYLER,ERENLER KÖYÜ,01920,TK,TK
96,ADANA,CEYHAN,MERKEZKÖYLER,GÜMÜRDÜLÜ KÖYÜ,01920,TK,TK
97,ADANA,CEYHAN,MERKEZKÖYLER,GÜNDOĞAN KÖYÜ,01920,TK,TK
98,ADANA,CEYHAN,MERKEZKÖYLER,GÜNLÜCE KÖYÜ,01920,TK,TK
99,ADANA,CEYHAN,MERKEZKÖYLER,GÜNYAZI KÖYÜ,01920,TK,TK
100,ADANA,CEYHAN,MERKEZKÖYLER,HAMİDİYE KÖYÜ,01920,TK,TK
101,ADANA,CEYHAN,MERKEZKÖYLER,HAMİTBEY KÖYÜ,01920,TK,TK
102,ADANA,CEYHAN,MERKEZKÖYLER,HAMİTBEYBUCAĞI KÖYÜ,01920,TK,TK
103,ADANA,CEYHAN,MERKEZKÖYLER,IRMAKLI KÖYÜ,01920,TK,TK
104,ADANA,CEYHAN,MERKEZKÖYLER,ISIRGANLI KÖYÜ,01920,TK,TK
105,ADANA,CEYHAN,MERKEZKÖYLER,İMRAN KÖYÜ,01920,TK,TK
106,ADANA,CEYHAN,MERKEZKÖYLER,İNCETARLA KÖYÜ,01920,TK,TK
107,ADANA,CEYHAN,MERKEZKÖYLER,İNCEYER KÖYÜ,01920,TK,TK
108,ADANA,CEYHAN,MERKEZKÖYLER,İSALI KÖYÜ,01920,TK,TK
109,ADANA,CEYHAN,MERKEZKÖYLER,KARAKAYALI KÖYÜ,01920,TK,TK
110,ADANA,CEYHAN,MERKEZKÖYLER,KILIÇKAYA KÖYÜ,01920,TK,TK
111,ADANA,CEYHAN,MERKEZKÖYLER,KIVRIKLI KÖYÜ,01920,TK,TK
112,ADANA,CEYHAN,MERKEZKÖYLER,KIZILDERE KÖYÜ,01920,TK,TK
113,ADANA,CEYHAN,MERKEZKÖYLER,KÖPRÜLÜ KÖYÜ,01920,TK,TK
114,ADANA,CEYHAN,MERKEZKÖYLER,KÖRKUYU KÖYÜ,01920,TK,TK
115,ADANA,CEYHAN,MERKEZKÖYLER,KUZUCAK KÖYÜ,01920,TK,TK
116,ADANA,CEYHAN,MERKEZKÖYLER,KÜÇÜKBURHANİYE KÖYÜ,01920,TK,TK
117,ADANA,CEYHAN,MERKEZKÖYLER,KÜÇÜKMANGIT KÖYÜ,01920,TK,TK
118,ADANA,CEYHAN,MERKEZKÖYLER,NARLIK KÖYÜ,01920,TK,TK
119,ADANA,CEYHAN,MERKEZKÖYLER,SAĞIRLAR KÖYÜ,01920,TK,TK
120,ADANA,CEYHAN,MERKEZKÖYLER,SARIBAHÇE KÖYÜ,01920,TK,TK
121,ADANA,CEYHAN,MERKEZKÖYLER,SELİMİYE KÖYÜ,01920,TK,TK
122,ADANA,CEYHAN,MERKEZKÖYLER,SİRKELİ KÖYÜ,01920,TK,TK
123,ADANA,CEYHAN,MERKEZKÖYLER,SOĞUKPINAR KÖYÜ,01920,TK,TK
124,ADANA,CEYHAN,MERKEZKÖYLER,SOYSALLI KÖYÜ,01920,TK,TK
125,ADANA,CEYHAN,MERKEZKÖYLER,TATARLI KÖYÜ,01920,TK,TK
126,ADANA,CEYHAN,MERKEZKÖYLER,TATLIKUYU KÖYÜ,01920,TK,TK
127,ADANA,CEYHAN,MERKEZKÖYLER,TOKTAMIŞ KÖYÜ,01920,TK,TK
128,ADANA,CEYHAN,MERKEZKÖYLER,ÜÇDUT KÖYÜ,01920,TK,TK
129,ADANA,CEYHAN,MERKEZKÖYLER,YALAK KÖYÜ,01920,TK,TK
130,ADANA,CEYHAN,MERKEZKÖYLER,YELLİBEL KÖYÜ,01920,TK,TK
131,ADANA,CEYHAN,MERKEZKÖYLER,YENİKÖYNAZIMBEY KÖYÜ,01920,TK,TK
132,ADANA,CEYHAN,MERKEZKÖYLER,YEŞİLBAHÇE KÖYÜ,01920,TK,TK
133,ADANA,CEYHAN,MERKEZKÖYLER,YEŞİLDAM KÖYÜ,01920,TK,TK
134,ADANA,CEYHAN,MERKEZKÖYLER,YILANKALE KÖYÜ,01920,TK,TK
135,ADANA,CEYHAN,MUSTAFABEYLİ,CUMHURİYET MAH.,01920,TK,TK
136,ADANA,CEYHAN,MUSTAFABEYLİ,HÜRRİYET MAH.,01920,TK,TK
137,ADANA,CEYHAN,NAMIKKEMAL,CUMHURİYET MAH.,01950,TK,TK
138,ADANA,CEYHAN,NAMIKKEMAL,GAZİOSMANPAŞA MAH.,01950,TK,TK
139,ADANA,CEYHAN,NAMIKKEMAL,NAMIKKEMAL MAH.,01950,TK,TK
140,ADANA,CEYHAN,SAĞKAYA,SAĞKAYA MAH.,01920,TK,TK
141,ADANA,CEYHAN,SANAYİ,EMEK MAH.,01930,TK,TK
142,ADANA,CEYHAN,SANAYİ,ESENTEPE MAH.,01930,TK,TK
143,ADANA,CEYHAN,SANAYİ,FATİHSULTANMEHMET MAH.,01930,TK,TK
144,ADANA,CEYHAN,SANAYİ,HÜRRİYET MAH.,01930,TK,TK
145,ADANA,CEYHAN,SANAYİ,İNÖNÜ MAH.,01930,TK,TK
146,ADANA,CEYHAN,SARIMAZI,AYDINLI MAH.,01920,TK,TK
147,ADANA,CEYHAN,SARIMAZI,CUMHURİYET MAH.,01920,TK,TK
148,ADANA,CEYHAN,SARIMAZI,ESENTEPE MAH.,01920,TK,TK
149,ADANA,CEYHAN,SARIMAZI,HÜRRİYET MAH.,01920,TK,TK
150,ADANA,CEYHAN,SARIMAZI,LEVENTOĞLU MAH.,01920,TK,TK
151,ADANA,CEYHAN,SARIMAZI,TOROS MAH.,01920,TK,TK
152,ADANA,CEYHAN,TÜRLÜBAŞ,ADATEPE MAH.,01960,TK,TK
153,ADANA,CEYHAN,TÜRLÜBAŞ,AYTEMIROĞLU MAH.,01960,TK,TK
154,ADANA,CEYHAN,TÜRLÜBAŞ,BURHANİYE MAH.,01960,TK,TK
155,ADANA,CEYHAN,TÜRLÜBAŞ,BÜYÜKKIRIM MAH.,01960,TK,TK
156,ADANA,CEYHAN,TÜRLÜBAŞ,İSTİKLAL MAH.,01960,TK,TK
157,ADANA,CEYHAN,TÜRLÜBAŞ,KALTAKİYE MAH.,01960,TK,TK
158,ADANA,CEYHAN,TÜRLÜBAŞ,KELEMETİ MAH.,01960,TK,TK
159,ADANA,CEYHAN,TÜRLÜBAŞ,KONAKOĞLU MAH.,01960,TK,TK
160,ADANA,CEYHAN,TÜRLÜBAŞ,MODERNEVLER MAH.,01960,TK,TK
161,ADANA,CEYHAN,TÜRLÜBAŞ,MURADİYE MAH.,01960,TK,TK
162,ADANA,CEYHAN,TÜRLÜBAŞ,SARISAKAL MAH.,01960,TK,TK
163,ADANA,CEYHAN,TÜRLÜBAŞ,TÜRLÜBAŞ MAH.,01960,TK,TK
164,ADANA,ÇUKUROVA,HUZUREVLERİ,BELEDİYEEVLERİ MAH.,01360,TK,TK
165,ADANA,ÇUKUROVA,HUZUREVLERİ,HUZUREVLERİ MAH.,01360,TK,TK
166,ADANA,ÇUKUROVA,HUZUREVLERİ,YÜZÜNCÜYIL(100.YIL) MAH.,01360,TK,TK
167,ADANA,ÇUKUROVA,MAHFESIĞMAZ,BEYAZEVLER MAH.,01170,TK,TK
168,ADANA,ÇUKUROVA,MAHFESIĞMAZ,ESENTEPE MAH.,01170,TK,TK
169,ADANA,ÇUKUROVA,MAHFESIĞMAZ,GÖKKUYU MAH.,01170,TK,TK
170,ADANA,ÇUKUROVA,MAHFESIĞMAZ,GÜZELYALI MAH.,01170,TK,TK
171,ADANA,ÇUKUROVA,MAHFESIĞMAZ,KABASAKAL MAH.,01170,TK,TK
172,ADANA,ÇUKUROVA,MAHFESIĞMAZ,KARSLILAR MAH.,01170,TK,TK
173,ADANA,ÇUKUROVA,MAHFESIĞMAZ,KOCATEPE MAH.,01170,TK,TK
174,ADANA,ÇUKUROVA,MAHFESIĞMAZ,KURTTEPE MAH.,01170,TK,TK
175,ADANA,ÇUKUROVA,MAHFESIĞMAZ,MAHFESIĞMAZ MAH.,01170,TK,TK
176,ADANA,ÇUKUROVA,MAHFESIĞMAZ,ŞAMBAYADI MAH.,01170,TK,TK
177,ADANA,ÇUKUROVA,MAHFESIĞMAZ,TOROS MAH.,01170,TK,TK
178,ADANA,ÇUKUROVA,MAHFESIĞMAZ,YENİ MAH.,01170,TK,TK
179,ADANA,ÇUKUROVA,MAHFESIĞMAZ,YURT MAH.,01170,TK,TK
180,ADANA,ÇUKUROVA,MERKEZKÖYLER,BOZCALAR KÖYÜ,01170,TK,TK
181,ADANA,ÇUKUROVA,MERKEZKÖYLER,DÖRTLER KÖYÜ,01170,TK,TK
182,ADANA,ÇUKUROVA,MERKEZKÖYLER,FADIL KÖYÜ,01170,TK,TK
183,ADANA,ÇUKUROVA,MERKEZKÖYLER,KABASAKAL KÖYÜ,01170,TK,TK
184,ADANA,ÇUKUROVA,MERKEZKÖYLER,KARAHAN KÖYÜ,01170,TK,TK
185,ADANA,ÇUKUROVA,MERKEZKÖYLER,KÜÇÜKÇINAR KÖYÜ,01170,TK,TK
186,ADANA,ÇUKUROVA,MERKEZKÖYLER,MEMİŞLİ KÖYÜ,01170,TK,TK
187,ADANA,ÇUKUROVA,MERKEZKÖYLER,PİRİLİ KÖYÜ,01170,TK,TK
188,ADANA,ÇUKUROVA,MERKEZKÖYLER,SÖĞÜTLÜ KÖYÜ,01170,TK,TK
189,ADANA,ÇUKUROVA,SALBAŞ,SALBAŞESENTEPE MAH.,01780,TK,TK
190,ADANA,FEKE,FEKE,BELENKÖY MAH.,01660,TK,TK
191,ADANA,FEKE,FEKE,GÖKÇELI MAH.,01660,TK,TK
192,ADANA,FEKE,FEKE,İSLAM MAH.,01660,TK,TK
193,ADANA,FEKE,FEKE,KARACAOĞLAN MAH.,01660,TK,TK
194,ADANA,FEKE,FEKE,KARACAUŞAĞI MAH.,01660,TK,TK
195,ADANA,FEKE,FEKE,KAZANCI MAH.,01660,TK,TK
196,ADANA,FEKE,FEKE,KEKLİKÇİ MAH.,01660,TK,TK
197,ADANA,FEKE,FEKE,SÜLEMİŞLİ(BAHÇELİEVLER) MAH.,01660,TK,TK
198,ADANA,FEKE,FEKE,YEŞİLDÜŞMÜŞ MAH.,01660,TK,TK
199,ADANA,FEKE,MERKEZKÖYLER,AKKAYA KÖYÜ,01660,TK,TK
200,ADANA,FEKE,MERKEZKÖYLER,AKOLUK KÖYÜ,01660,TK,TK
201,ADANA,FEKE,MERKEZKÖYLER,BAĞDATLI KÖYÜ,01660,TK,TK
202,ADANA,FEKE,MERKEZKÖYLER,BAHÇECİK KÖYÜ,01660,TK,TK
203,ADANA,FEKE,MERKEZKÖYLER,ÇANDIRLAR KÖYÜ,01660,TK,TK
204,ADANA,FEKE,MERKEZKÖYLER,ÇONDU KÖYÜ,01660,TK,TK
205,ADANA,FEKE,MERKEZKÖYLER,ÇÜRÜKLER KÖYÜ,01660,TK,TK
206,ADANA,FEKE,MERKEZKÖYLER,DEĞİRMENCİUŞAĞI KÖYÜ,01660,TK,TK
207,ADANA,FEKE,MERKEZKÖYLER,GAFFARUŞAĞI KÖYÜ,01660,TK,TK
208,ADANA,FEKE,MERKEZKÖYLER,GEDİKLİ KÖYÜ,01660,TK,TK
209,ADANA,FEKE,MERKEZKÖYLER,GÖBELLİ KÖYÜ,01660,TK,TK
210,ADANA,FEKE,MERKEZKÖYLER,GÜRÜMZE KÖYÜ,01660,TK,TK
211,ADANA,FEKE,MERKEZKÖYLER,GÜZPINARI KÖYÜ,01660,TK,TK
212,ADANA,FEKE,MERKEZKÖYLER,HIDIRUŞAĞI KÖYÜ,01660,TK,TK
213,ADANA,FEKE,MERKEZKÖYLER,İNCİRCİ KÖYÜ,01660,TK,TK
214,ADANA,FEKE,MERKEZKÖYLER,KALEYÜZÜ KÖYÜ,01660,TK,TK
215,ADANA,FEKE,MERKEZKÖYLER,KAŞALTI KÖYÜ,01660,TK,TK
216,ADANA,FEKE,MERKEZKÖYLER,KAYADİBİ KÖYÜ,01660,TK,TK
217,ADANA,FEKE,MERKEZKÖYLER,KIRIKUŞAĞI KÖYÜ,01660,TK,TK
218,ADANA,FEKE,MERKEZKÖYLER,KISACIKLI KÖYÜ,01660,TK,TK
219,ADANA,FEKE,MERKEZKÖYLER,KIZILYER KÖYÜ,01660,TK,TK
220,ADANA,FEKE,MERKEZKÖYLER,KOÇYAZI KÖYÜ,01660,TK,TK
221,ADANA,FEKE,MERKEZKÖYLER,KONAKKURAN KÖYÜ,01660,TK,TK
222,ADANA,FEKE,MERKEZKÖYLER,KOVUKÇINAR KÖYÜ,01660,TK,TK
223,ADANA,FEKE,MERKEZKÖYLER,MANSURLU KÖYÜ,01660,TK,TK
224,ADANA,FEKE,MERKEZKÖYLER,MUSALAR KÖYÜ,01660,TK,TK
225,ADANA,FEKE,MERKEZKÖYLER,OLUCAK KÖYÜ,01660,TK,TK
226,ADANA,FEKE,MERKEZKÖYLER,ORMANCIK KÖYÜ,01660,TK,TK
227,ADANA,FEKE,MERKEZKÖYLER,ORTAKÖY KÖYÜ,01660,TK,TK
228,ADANA,FEKE,MERKEZKÖYLER,ORUÇLU KÖYÜ,01660,TK,TK
229,ADANA,FEKE,MERKEZKÖYLER,PAŞALI KÖYÜ,01660,TK,TK
230,ADANA,FEKE,MERKEZKÖYLER,SÜPHANDERE KÖYÜ,01660,TK,TK
231,ADANA,FEKE,MERKEZKÖYLER,ŞAHMURATLI KÖYÜ,01660,TK,TK
232,ADANA,FEKE,MERKEZKÖYLER,TENKERLİ KÖYÜ,01660,TK,TK
233,ADANA,FEKE,MERKEZKÖYLER,TOKMANAKLI KÖYÜ,01660,TK,TK
234,ADANA,FEKE,MERKEZKÖYLER,TORTULU KÖYÜ,01660,TK,TK
235,ADANA,FEKE,MERKEZKÖYLER,UĞURLUBAĞ KÖYÜ,01660,TK,TK
236,ADANA,FEKE,MERKEZKÖYLER,YAYLAPINAR KÖYÜ,01660,TK,TK
237,ADANA,FEKE,MERKEZKÖYLER,YEREBAKAN KÖYÜ,01660,TK,TK
238,ADANA,İMAMOĞLU,İMAMOĞLU,ADALET MAH.,01700,TK,TK
239,ADANA,İMAMOĞLU,İMAMOĞLU,CUMHURİYET MAH.,01700,TK,TK
240,ADANA,İMAMOĞLU,İMAMOĞLU,HÜRRİYET MAH.,01700,TK,TK
241,ADANA,İMAMOĞLU,İMAMOĞLU,MENTEŞ MAH.,01700,TK,TK
242,ADANA,İMAMOĞLU,İMAMOĞLU,SAYGEÇİT MAH.,01700,TK,TK
243,ADANA,İMAMOĞLU,İMAMOĞLU,TUNA MAH.,01700,TK,TK
244,ADANA,İMAMOĞLU,MERKEZKÖYLER,AĞZIKARACA KÖYÜ,01700,TK,TK
245,ADANA,İMAMOĞLU,MERKEZKÖYLER,ALAYBEYİ KÖYÜ,01700,TK,TK
246,ADANA,İMAMOĞLU,MERKEZKÖYLER,AYVALI KÖYÜ,01700,TK,TK
247,ADANA,İMAMOĞLU,MERKEZKÖYLER,CAMİLİ KÖYÜ,01700,TK,TK
248,ADANA,İMAMOĞLU,MERKEZKÖYLER,ÇÖRTEN KÖYÜ,01700,TK,TK
249,ADANA,İMAMOĞLU,MERKEZKÖYLER,DANACILI KÖYÜ,01700,TK,TK
250,ADANA,İMAMOĞLU,MERKEZKÖYLER,FAYDALI KÖYÜ,01700,TK,TK
251,ADANA,İMAMOĞLU,MERKEZKÖYLER,HACIHASANLI KÖYÜ,01700,TK,TK
252,ADANA,İMAMOĞLU,MERKEZKÖYLER,KOYUNEVİ KÖYÜ,01700,TK,TK
253,ADANA,İMAMOĞLU,MERKEZKÖYLER,MALIHIDIRLI KÖYÜ,01700,TK,TK
254,ADANA,İMAMOĞLU,MERKEZKÖYLER,OTLUK KÖYÜ,01700,TK,TK
255,ADANA,İMAMOĞLU,MERKEZKÖYLER,PEKMEZCİ KÖYÜ,01700,TK,TK
256,ADANA,İMAMOĞLU,MERKEZKÖYLER,SAYCA KÖYÜ,01700,TK,TK
257,ADANA,İMAMOĞLU,MERKEZKÖYLER,SEVİNÇLİ KÖYÜ,01700,TK,TK
258,ADANA,İMAMOĞLU,MERKEZKÖYLER,SOKUTAŞ KÖYÜ,01700,TK,TK
259,ADANA,İMAMOĞLU,MERKEZKÖYLER,UFACIKÖREN KÖYÜ,01700,TK,TK
260,ADANA,İMAMOĞLU,MERKEZKÖYLER,ULUÇINAR KÖYÜ,01700,TK,TK
261,ADANA,İMAMOĞLU,MERKEZKÖYLER,ÜÇTEPE KÖYÜ,01700,TK,TK
262,ADANA,İMAMOĞLU,MERKEZKÖYLER,YAZITEPE KÖYÜ,01700,TK,TK
263,ADANA,KARAİSALI,KARAİSALI,KARAPINAR MAH.,01770,TK,TK
264,ADANA,KARAİSALI,KARAİSALI,SALBAŞ MAH.,01770,TK,TK
265,ADANA,KARAİSALI,KARAİSALI,SAYPINAR MAH.,01770,TK,TK
266,ADANA,KARAİSALI,KARAİSALI,SELAMPINAR MAH.,01770,TK,TK
267,ADANA,KARAİSALI,KARAİSALI,YENİ MAH.,01770,TK,TK
268,ADANA,KARAİSALI,MERKEZKÖYLER,AKÇALI KÖYÜ,01770,TK,TK
269,ADANA,KARAİSALI,MERKEZKÖYLER,ALTINOVA KÖYÜ,01770,TK,TK
270,ADANA,KARAİSALI,MERKEZKÖYLER,AŞAĞIBELEMEDİK KÖYÜ,01770,TK,TK
271,ADANA,KARAİSALI,MERKEZKÖYLER,AŞAĞIYİRİKLER KÖYÜ,01770,TK,TK
272,ADANA,KARAİSALI,MERKEZKÖYLER,AYAKKIF KÖYÜ,01770,TK,TK
273,ADANA,KARAİSALI,MERKEZKÖYLER,BARAKDAĞI KÖYÜ,01770,TK,TK
274,ADANA,KARAİSALI,MERKEZKÖYLER,BEKİRLİ KÖYÜ,01770,TK,TK
275,ADANA,KARAİSALI,MERKEZKÖYLER,BEYDEMİR KÖYÜ,01770,TK,TK
276,ADANA,KARAİSALI,MERKEZKÖYLER,BOLACALI KÖYÜ,01770,TK,TK
277,ADANA,KARAİSALI,MERKEZKÖYLER,BOZCALAR KÖYÜ,01770,TK,TK
278,ADANA,KARAİSALI,MERKEZKÖYLER,BOZTAHTA KÖYÜ,01770,TK,TK
279,ADANA,KARAİSALI,MERKEZKÖYLER,BUCAK KÖYÜ,01770,TK,TK
280,ADANA,KARAİSALI,MERKEZKÖYLER,ÇAKALLI KÖYÜ,01770,TK,TK
281,ADANA,KARAİSALI,MERKEZKÖYLER,ÇATALAN KÖYÜ,01770,TK,TK
282,ADANA,KARAİSALI,MERKEZKÖYLER,ÇEVLİK KÖYÜ,01770,TK,TK
283,ADANA,KARAİSALI,MERKEZKÖYLER,ÇOCUKLAR KÖYÜ,01770,TK,TK
284,ADANA,KARAİSALI,MERKEZKÖYLER,ÇORLU KÖYÜ,01770,TK,TK
285,ADANA,KARAİSALI,MERKEZKÖYLER,ÇUKUR KÖYÜ,01770,TK,TK
286,ADANA,KARAİSALI,MERKEZKÖYLER,DEMİRÇİT KÖYÜ,01770,TK,TK
287,ADANA,KARAİSALI,MERKEZKÖYLER,DÖRTLER KÖYÜ,01770,TK,TK
288,ADANA,KARAİSALI,MERKEZKÖYLER,DÖŞEKEVİ KÖYÜ,01770,TK,TK
289,ADANA,KARAİSALI,MERKEZKÖYLER,DURAK KÖYÜ,01770,TK,TK
290,ADANA,KARAİSALI,MERKEZKÖYLER,EĞLENCE KÖYÜ,01770,TK,TK
291,ADANA,KARAİSALI,MERKEZKÖYLER,EMELCİK KÖYÜ,01770,TK,TK
292,ADANA,KARAİSALI,MERKEZKÖYLER,ETEKLİ KÖYÜ,01770,TK,TK
293,ADANA,KARAİSALI,MERKEZKÖYLER,FADIL KÖYÜ,01770,TK,TK
294,ADANA,KARAİSALI,MERKEZKÖYLER,FİLİKLİ KÖYÜ,01770,TK,TK
295,ADANA,KARAİSALI,MERKEZKÖYLER,GİLDİRLİ KÖYÜ,01770,TK,TK
296,ADANA,KARAİSALI,MERKEZKÖYLER,GÖKHASANLI KÖYÜ,01770,TK,TK
297,ADANA,KARAİSALI,MERKEZKÖYLER,GÖKKUYU KÖYÜ,01770,TK,TK
298,ADANA,KARAİSALI,MERKEZKÖYLER,GÜLÜŞLÜ KÖYÜ,01770,TK,TK
299,ADANA,KARAİSALI,MERKEZKÖYLER,HACILI KÖYÜ,01770,TK,TK
300,ADANA,KARAİSALI,MERKEZKÖYLER,HACIMUSALI KÖYÜ,01770,TK,TK
301,ADANA,KARAİSALI,MERKEZKÖYLER,KALEDAĞI KÖYÜ,01770,TK,TK
302,ADANA,KARAİSALI,MERKEZKÖYLER,KARAHASANLI KÖYÜ,01770,TK,TK
303,ADANA,KARAİSALI,MERKEZKÖYLER,KARAKILIÇ KÖYÜ,01770,TK,TK
304,ADANA,KARAİSALI,MERKEZKÖYLER,KARAKUYU KÖYÜ,01770,TK,TK
305,ADANA,KARAİSALI,MERKEZKÖYLER,KAŞOBA KÖYÜ,01770,TK,TK
306,ADANA,KARAİSALI,MERKEZKÖYLER,KIRALAN KÖYÜ,01770,TK,TK
307,ADANA,KARAİSALI,MERKEZKÖYLER,KIRIKLI KÖYÜ,01770,TK,TK
308,ADANA,KARAİSALI,MERKEZKÖYLER,KÖRÜKLÜ KÖYÜ,01770,TK,TK
309,ADANA,KARAİSALI,MERKEZKÖYLER,KUŞCUSOFULU KÖYÜ,01770,TK,TK
310,ADANA,KARAİSALI,MERKEZKÖYLER,KUYUCU KÖYÜ,01770,TK,TK
311,ADANA,KARAİSALI,MERKEZKÖYLER,KUZGUN KÖYÜ,01770,TK,TK
312,ADANA,KARAİSALI,MERKEZKÖYLER,KÜÇÜKÇINAR KÖYÜ,01770,TK,TK
313,ADANA,KARAİSALI,MERKEZKÖYLER,MARAŞLI KÖYÜ,01770,TK,TK
314,ADANA,KARAİSALI,MERKEZKÖYLER,MEMİŞLİ KÖYÜ,01770,TK,TK
315,ADANA,KARAİSALI,MERKEZKÖYLER,MURTÇUKURU KÖYÜ,01770,TK,TK
316,ADANA,KARAİSALI,MERKEZKÖYLER,NERGİZLİK KÖYÜ,01770,TK,TK
317,ADANA,KARAİSALI,MERKEZKÖYLER,NUHLU KÖYÜ,01770,TK,TK
318,ADANA,KARAİSALI,MERKEZKÖYLER,ÖMERLİ KÖYÜ,01770,TK,TK
319,ADANA,KARAİSALI,MERKEZKÖYLER,ÖRCÜN KÖYÜ,01770,TK,TK
320,ADANA,KARAİSALI,MERKEZKÖYLER,PİRİLİ KÖYÜ,01770,TK,TK
321,ADANA,KARAİSALI,MERKEZKÖYLER,SADIKALİ KÖYÜ,01770,TK,TK
322,ADANA,KARAİSALI,MERKEZKÖYLER,SARIKONAK KÖYÜ,01770,TK,TK
323,ADANA,KARAİSALI,MERKEZKÖYLER,SÖĞÜTLÜ KÖYÜ,01770,TK,TK
324,ADANA,KARAİSALI,MERKEZKÖYLER,TATIK KÖYÜ,01770,TK,TK
325,ADANA,KARAİSALI,MERKEZKÖYLER,TOPAKTAŞ KÖYÜ,01770,TK,TK
326,ADANA,KARAİSALI,MERKEZKÖYLER,TOPKARALI KÖYÜ,01770,TK,TK
327,ADANA,KARAİSALI,MERKEZKÖYLER,TORUNSOLAKLI KÖYÜ,01770,TK,TK
328,ADANA,KARAİSALI,MERKEZKÖYLER,TÜMENLİ KÖYÜ,01770,TK,TK
329,ADANA,KARAİSALI,MERKEZKÖYLER,YAZIBAŞI KÖYÜ,01770,TK,TK
330,ADANA,KARATAŞ,KARATAŞ,BAHÇE MAH.,01900,TK,TK
331,ADANA,KARATAŞ,KARATAŞ,HAKKIBEY MAH.,01900,TK,TK
332,ADANA,KARATAŞ,KARATAŞ,KARŞIYAKA MAH.,01900,TK,TK
333,ADANA,KARATAŞ,KARATAŞ,KEMALİYE MAH.,01900,TK,TK
334,ADANA,KARATAŞ,KARATAŞ,ORTA MAH.,01900,TK,TK
335,ADANA,KARATAŞ,KARATAŞ,UĞURKAYA MAH.,01900,TK,TK
336,ADANA,KARATAŞ,KARATAŞ,YENİ MAH.,01900,TK,TK
337,ADANA,KARATAŞ,MERKEZKÖYLER,ADALI KÖYÜ,01900,TK,TK
338,ADANA,KARATAŞ,MERKEZKÖYLER,ATAKÖY KÖYÜ,01900,TK,TK
339,ADANA,KARATAŞ,MERKEZKÖYLER,BAHÇE KÖYÜ,01900,TK,TK
340,ADANA,KARATAŞ,MERKEZKÖYLER,BEBELİ KÖYÜ,01900,TK,TK
341,ADANA,KARATAŞ,MERKEZKÖYLER,ÇAKIRÖREN KÖYÜ,01900,TK,TK
342,ADANA,KARATAŞ,MERKEZKÖYLER,ÇAKŞIRLI KÖYÜ,01900,TK,TK
343,ADANA,KARATAŞ,MERKEZKÖYLER,ÇAVUŞLU KÖYÜ,01900,TK,TK
344,ADANA,KARATAŞ,MERKEZKÖYLER,ÇİMELİ KÖYÜ,01900,TK,TK
345,ADANA,KARATAŞ,MERKEZKÖYLER,ÇUKURKAMIŞ KÖYÜ,01900,TK,TK
346,ADANA,KARATAŞ,MERKEZKÖYLER,DAMLAPINAR KÖYÜ,01900,TK,TK
347,ADANA,KARATAŞ,MERKEZKÖYLER,DEVELİÖREN KÖYÜ,01900,TK,TK
348,ADANA,KARATAŞ,MERKEZKÖYLER,DOLAPLI KÖYÜ,01900,TK,TK
349,ADANA,KARATAŞ,MERKEZKÖYLER,GÖLYAKA KÖYÜ,01900,TK,TK
350,ADANA,KARATAŞ,MERKEZKÖYLER,HACIHASAN KÖYÜ,01900,TK,TK
351,ADANA,KARATAŞ,MERKEZKÖYLER,HASIRAĞACI KÖYÜ,01900,TK,TK
352,ADANA,KARATAŞ,MERKEZKÖYLER,HELVACI KÖYÜ,01900,TK,TK
353,ADANA,KARATAŞ,MERKEZKÖYLER,İNNAPLIHÜYÜĞÜ KÖYÜ,01900,TK,TK
354,ADANA,KARATAŞ,MERKEZKÖYLER,İSAHACILI KÖYÜ,01900,TK,TK
355,ADANA,KARATAŞ,MERKEZKÖYLER,KAPI KÖYÜ,01900,TK,TK
356,ADANA,KARATAŞ,MERKEZKÖYLER,KARAGÖÇER KÖYÜ,01900,TK,TK
357,ADANA,KARATAŞ,MERKEZKÖYLER,KARATAŞ KÖYÜ,01900,TK,TK
358,ADANA,KARATAŞ,MERKEZKÖYLER,KESİK KÖYÜ,01900,TK,TK
359,ADANA,KARATAŞ,MERKEZKÖYLER,KIRHASAN KÖYÜ,01900,TK,TK
360,ADANA,KARATAŞ,MERKEZKÖYLER,KIZILTAHTA KÖYÜ,01900,TK,TK
361,ADANA,KARATAŞ,MERKEZKÖYLER,KİREMİTLİ KÖYÜ,01900,TK,TK
362,ADANA,KARATAŞ,MERKEZKÖYLER,MELETMEZ KÖYÜ,01900,TK,TK
363,ADANA,KARATAŞ,MERKEZKÖYLER,OYMAKLI KÖYÜ,01900,TK,TK
364,ADANA,KARATAŞ,MERKEZKÖYLER,SARIMSAKLI KÖYÜ,01900,TK,TK
365,ADANA,KARATAŞ,MERKEZKÖYLER,SİRKENLİ KÖYÜ,01900,TK,TK
366,ADANA,KARATAŞ,MERKEZKÖYLER,TABAKLAR KÖYÜ,01900,TK,TK
367,ADANA,KARATAŞ,MERKEZKÖYLER,TABUR KÖYÜ,01900,TK,TK
368,ADANA,KARATAŞ,MERKEZKÖYLER,TERLİKSİZ KÖYÜ,01900,TK,TK
369,ADANA,KARATAŞ,MERKEZKÖYLER,TOPRAKLI KÖYÜ,01900,TK,TK
370,ADANA,KARATAŞ,MERKEZKÖYLER,TUZKUYUSU KÖYÜ,01900,TK,TK
371,ADANA,KARATAŞ,MERKEZKÖYLER,YASSIÖREN KÖYÜ,01900,TK,TK
372,ADANA,KARATAŞ,MERKEZKÖYLER,YEMİŞLİ KÖYÜ,01900,TK,TK
373,ADANA,KARATAŞ,MERKEZKÖYLER,YENİMURAT KÖYÜ,01900,TK,TK
374,ADANA,KARATAŞ,MERKEZKÖYLER,YÜZBAŞI KÖYÜ,01900,TK,TK
375,ADANA,KOZAN,ASLANPAŞA,AĞLIBOĞAZ MAH.,01530,TK,TK
376,ADANA,KOZAN,ASLANPAŞA,ASLANPAŞA MAH.,01530,TK,TK
377,ADANA,KOZAN,ASLANPAŞA,BAĞLAR MAH.,01530,TK,TK
378,ADANA,KOZAN,ASLANPAŞA,HACIUŞAĞI MAH.,01530,TK,TK
379,ADANA,KOZAN,ASLANPAŞA,MAHMUTLU MAH.,01530,TK,TK
380,ADANA,KOZAN,ASLANPAŞA,TAŞ MAH.,01530,TK,TK
381,ADANA,KOZAN,ASLANPAŞA,TAVŞANTEPE MAH.,01530,TK,TK
382,ADANA,KOZAN,ASLANPAŞA,TÜRKELI MAH.,01530,TK,TK
383,ADANA,KOZAN,ASLANPAŞA,YARIMOĞLU MAH.,01530,TK,TK
384,ADANA,KOZAN,ÇARŞI,CUMHURİYET MAH.,01510,TK,TK
385,ADANA,KOZAN,ÇARŞI,KARACAOĞLAN MAH.,01510,TK,TK
386,ADANA,KOZAN,ÇARŞI,TUFANPAŞA MAH.,01510,TK,TK
387,ADANA,KOZAN,GAZİKÖY,ADALET MAH.,01540,TK,TK
388,ADANA,KOZAN,GAZİKÖY,CUMHURİYET MAH.,01540,TK,TK
389,ADANA,KOZAN,GAZİKÖY,HÜRRİYET MAH.,01540,TK,TK
390,ADANA,KOZAN,GAZİKÖY,YENİ MAH.,01540,TK,TK
391,ADANA,KOZAN,HACIBEYLİ,HACIBEYLİ MAH.,01555,TK,TK
392,ADANA,KOZAN,KOZAN,ÇANAKLI MAH.,01500,TK,TK
393,ADANA,KOZAN,KOZAN,ŞEVKİYE MAH.,01500,TK,TK
394,ADANA,KOZAN,KOZAN,VARSAKLAR MAH.,01500,TK,TK
395,ADANA,KOZAN,MERKEZKÖYLER,ACARMANTAŞ KÖYÜ,01500,TK,TK
396,ADANA,KOZAN,MERKEZKÖYLER,AKARCA KÖYÜ,01500,TK,TK
397,ADANA,KOZAN,MERKEZKÖYLER,AKÇALUŞAĞI KÖYÜ,01500,TK,TK
398,ADANA,KOZAN,MERKEZKÖYLER,AKDAM KÖYÜ,01500,TK,TK
399,ADANA,KOZAN,MERKEZKÖYLER,AKKAYA KÖYÜ,01500,TK,TK
400,ADANA,KOZAN,MERKEZKÖYLER,ALAPINAR KÖYÜ,01500,TK,TK
401,ADANA,KOZAN,MERKEZKÖYLER,ANDIL KÖYÜ,01500,TK,TK
402,ADANA,KOZAN,MERKEZKÖYLER,ARSLANLI KÖYÜ,01500,TK,TK
403,ADANA,KOZAN,MERKEZKÖYLER,AYŞEHOCA KÖYÜ,01500,TK,TK
404,ADANA,KOZAN,MERKEZKÖYLER,BAĞÖZÜ KÖYÜ,01500,TK,TK
405,ADANA,KOZAN,MERKEZKÖYLER,BOZTAHTA KÖYÜ,01500,TK,TK
406,ADANA,KOZAN,MERKEZKÖYLER,BUCAK KÖYÜ,01500,TK,TK
407,ADANA,KOZAN,MERKEZKÖYLER,BULDUKLU KÖYÜ,01500,TK,TK
408,ADANA,KOZAN,MERKEZKÖYLER,ÇAMDERE KÖYÜ,01500,TK,TK
409,ADANA,KOZAN,MERKEZKÖYLER,ÇAMLARCA KÖYÜ,01500,TK,TK
410,ADANA,KOZAN,MERKEZKÖYLER,ÇANDIK KÖYÜ,01500,TK,TK
411,ADANA,KOZAN,MERKEZKÖYLER,ÇELENUŞAĞI KÖYÜ,01500,TK,TK
412,ADANA,KOZAN,MERKEZKÖYLER,ÇOBANPINARI KÖYÜ,01500,TK,TK
413,ADANA,KOZAN,MERKEZKÖYLER,ÇOKAK KÖYÜ,01500,TK,TK
414,ADANA,KOZAN,MERKEZKÖYLER,ÇUKURÖREN KÖYÜ,01500,TK,TK
415,ADANA,KOZAN,MERKEZKÖYLER,ÇULLUUŞAĞI KÖYÜ,01500,TK,TK
416,ADANA,KOZAN,MERKEZKÖYLER,ÇÜRÜKLÜ KÖYÜ,01500,TK,TK
417,ADANA,KOZAN,MERKEZKÖYLER,DAĞLICA KÖYÜ,01500,TK,TK
418,ADANA,KOZAN,MERKEZKÖYLER,DİKİLİTAŞ KÖYÜ,01500,TK,TK
419,ADANA,KOZAN,MERKEZKÖYLER,DİLEKKAYA KÖYÜ,01500,TK,TK
420,ADANA,KOZAN,MERKEZKÖYLER,DURALUŞAĞI KÖYÜ,01500,TK,TK
421,ADANA,KOZAN,MERKEZKÖYLER,DURMUŞLU KÖYÜ,01500,TK,TK
422,ADANA,KOZAN,MERKEZKÖYLER,DÜZAĞAÇ KÖYÜ,01500,TK,TK
423,ADANA,KOZAN,MERKEZKÖYLER,ERGENEUŞAĞI KÖYÜ,01500,TK,TK
424,ADANA,KOZAN,MERKEZKÖYLER,ESKİKABASAKAL KÖYÜ,01500,TK,TK
425,ADANA,KOZAN,MERKEZKÖYLER,ESKİMANTAŞ KÖYÜ,01500,TK,TK
426,ADANA,KOZAN,MERKEZKÖYLER,FAYDALI KÖYÜ,01500,TK,TK
427,ADANA,KOZAN,MERKEZKÖYLER,FERHATLI KÖYÜ,01500,TK,TK
428,ADANA,KOZAN,MERKEZKÖYLER,GEDİKLİ KÖYÜ,01500,TK,TK
429,ADANA,KOZAN,MERKEZKÖYLER,GÖKÇEYOL KÖYÜ,01500,TK,TK
430,ADANA,KOZAN,MERKEZKÖYLER,GÖKGÖZ KÖYÜ,01500,TK,TK
431,ADANA,KOZAN,MERKEZKÖYLER,GÖRBEYAZ KÖYÜ,01500,TK,TK
432,ADANA,KOZAN,MERKEZKÖYLER,GÜNERİ KÖYÜ,01500,TK,TK
433,ADANA,KOZAN,MERKEZKÖYLER,HACIMİRZALI KÖYÜ,01500,TK,TK
434,ADANA,KOZAN,MERKEZKÖYLER,HAMAM KÖYÜ,01500,TK,TK
435,ADANA,KOZAN,MERKEZKÖYLER,ILICA KÖYÜ,01500,TK,TK
436,ADANA,KOZAN,MERKEZKÖYLER,IŞIKKAYA KÖYÜ,01500,TK,TK
437,ADANA,KOZAN,MERKEZKÖYLER,IŞIKLI KÖYÜ,01500,TK,TK
438,ADANA,KOZAN,MERKEZKÖYLER,İDEMKÖY KÖYÜ,01500,TK,TK
439,ADANA,KOZAN,MERKEZKÖYLER,KABAKTEPE KÖYÜ,01500,TK,TK
440,ADANA,KOZAN,MERKEZKÖYLER,KAHVELİ KÖYÜ,01500,TK,TK
441,ADANA,KOZAN,MERKEZKÖYLER,KALKUMAÇ KÖYÜ,01500,TK,TK
442,ADANA,KOZAN,MERKEZKÖYLER,KAPIKAYA KÖYÜ,01500,TK,TK
443,ADANA,KOZAN,MERKEZKÖYLER,KARABUCAK KÖYÜ,01500,TK,TK
444,ADANA,KOZAN,MERKEZKÖYLER,KARACAÖREN KÖYÜ,01500,TK,TK
445,ADANA,KOZAN,MERKEZKÖYLER,KARAHAMZALI KÖYÜ,01500,TK,TK
446,ADANA,KOZAN,MERKEZKÖYLER,KARANEBİLİ KÖYÜ,01500,TK,TK
447,ADANA,KOZAN,MERKEZKÖYLER,KEMERKÖY KÖYÜ,01500,TK,TK
448,ADANA,KOZAN,MERKEZKÖYLER,KIBRISLAR KÖYÜ,01500,TK,TK
449,ADANA,KOZAN,MERKEZKÖYLER,KIZILLAR KÖYÜ,01500,TK,TK
450,ADANA,KOZAN,MERKEZKÖYLER,KIZLARSEKİSİ KÖYÜ,01500,TK,TK
451,ADANA,KOZAN,MERKEZKÖYLER,KÖSELİ KÖYÜ,01500,TK,TK
452,ADANA,KOZAN,MERKEZKÖYLER,KUYTUCAK KÖYÜ,01500,TK,TK
453,ADANA,KOZAN,MERKEZKÖYLER,KUYUBELİ KÖYÜ,01500,TK,TK
454,ADANA,KOZAN,MERKEZKÖYLER,KUYULUK KÖYÜ,01500,TK,TK
455,ADANA,KOZAN,MERKEZKÖYLER,MAHYALAR KÖYÜ,01500,TK,TK
456,ADANA,KOZAN,MERKEZKÖYLER,MARANKEÇİLİ KÖYÜ,01500,TK,TK
457,ADANA,KOZAN,MERKEZKÖYLER,MİNNETLİ KÖYÜ,01500,TK,TK
458,ADANA,KOZAN,MERKEZKÖYLER,ORUÇLU KÖYÜ,01500,TK,TK
459,ADANA,KOZAN,MERKEZKÖYLER,ÖRENDERE KÖYÜ,01500,TK,TK
460,ADANA,KOZAN,MERKEZKÖYLER,ÖZBAŞI KÖYÜ,01500,TK,TK
461,ADANA,KOZAN,MERKEZKÖYLER,PEKMEZCİ KÖYÜ,01500,TK,TK
462,ADANA,KOZAN,MERKEZKÖYLER,POSTKABASAKAL KÖYÜ,01500,TK,TK
463,ADANA,KOZAN,MERKEZKÖYLER,SALMANLI KÖYÜ,01500,TK,TK
464,ADANA,KOZAN,MERKEZKÖYLER,ŞERİFLİ KÖYÜ,01500,TK,TK
465,ADANA,KOZAN,MERKEZKÖYLER,TUFANLI KÖYÜ,01500,TK,TK
466,ADANA,KOZAN,MERKEZKÖYLER,TURGUTLU KÖYÜ,01500,TK,TK
467,ADANA,KOZAN,MERKEZKÖYLER,TURUNÇLU KÖYÜ,01500,TK,TK
468,ADANA,KOZAN,MERKEZKÖYLER,VELİCANLI KÖYÜ,01500,TK,TK
469,ADANA,KOZAN,MERKEZKÖYLER,YANALERİK KÖYÜ,01500,TK,TK
470,ADANA,KOZAN,MERKEZKÖYLER,YASSIÇALI KÖYÜ,01500,TK,TK
471,ADANA,KOZAN,MERKEZKÖYLER,YENİKÖY KÖYÜ,01500,TK,TK
472,ADANA,KOZAN,MERKEZKÖYLER,YUKARIKEÇİLİ KÖYÜ,01500,TK,TK
473,ADANA,POZANTI,AKÇATEKİR,AKÇA MAH.,01490,TK,TK
474,ADANA,POZANTI,AKÇATEKİR,BÜRÜCEK MAH.,01490,TK,TK
475,ADANA,POZANTI,AKÇATEKİR,BÜYÜKTEKİR MAH.,01490,TK,TK
476,ADANA,POZANTI,AKÇATEKİR,HACILAR MAH.,01490,TK,TK
477,ADANA,POZANTI,AKÇATEKİR,KÜÇÜKTEKİR MAH.,01490,TK,TK
478,ADANA,POZANTI,AKÇATEKİR,ÜÇOLUK MAH.,01490,TK,TK
479,ADANA,POZANTI,MERKEZKÖYLER,AHÇIBEKİRLİ KÖYÜ,01470,TK,TK
480,ADANA,POZANTI,MERKEZKÖYLER,AKÇA KÖYÜ,01470,TK,TK
481,ADANA,POZANTI,MERKEZKÖYLER,ALPU KÖYÜ,01470,TK,TK
482,ADANA,POZANTI,MERKEZKÖYLER,BELEMEDİK KÖYÜ,01470,TK,TK
483,ADANA,POZANTI,MERKEZKÖYLER,ÇAMLIBEL KÖYÜ,01470,TK,TK
484,ADANA,POZANTI,MERKEZKÖYLER,DAĞDİBİ KÖYÜ,01470,TK,TK
485,ADANA,POZANTI,MERKEZKÖYLER,ESKİKONACIK KÖYÜ,01470,TK,TK
486,ADANA,POZANTI,MERKEZKÖYLER,FINDIKLI KÖYÜ,01470,TK,TK
487,ADANA,POZANTI,MERKEZKÖYLER,GÖKBEZ KÖYÜ,01470,TK,TK
488,ADANA,POZANTI,MERKEZKÖYLER,HAMİDİYE KÖYÜ,01470,TK,TK
489,ADANA,POZANTI,MERKEZKÖYLER,KAMIŞLI KÖYÜ,01470,TK,TK
490,ADANA,POZANTI,MERKEZKÖYLER,KARAKIŞLAKÇI KÖYÜ,01470,TK,TK
491,ADANA,POZANTI,MERKEZKÖYLER,ÖMERLİ KÖYÜ,01470,TK,TK
492,ADANA,POZANTI,MERKEZKÖYLER,YAĞLITAŞ KÖYÜ,01470,TK,TK
493,ADANA,POZANTI,MERKEZKÖYLER,YAZICAK KÖYÜ,01470,TK,TK
494,ADANA,POZANTI,MERKEZKÖYLER,YENİKONACIK KÖYÜ,01470,TK,TK
495,ADANA,POZANTI,MERKEZKÖYLER,YUKARIBELEMEDİK KÖYÜ,01470,TK,TK
496,ADANA,POZANTI,POZANTI,CUMHURİYET MAH.,01470,TK,TK
497,ADANA,POZANTI,POZANTI,İSTİKLAL MAH.,01470,TK,TK
498,ADANA,POZANTI,POZANTI,KURTULUŞ MAH.,01470,TK,TK
499,ADANA,POZANTI,POZANTI,ZAFER MAH.,01470,TK,TK
500,ADANA,SAİMBEYLİ,MERKEZKÖYLER,AKSAAĞAÇ KÖYÜ,01740,TK,TK
501,ADANA,SAİMBEYLİ,MERKEZKÖYLER,AVCIPINARI KÖYÜ,01740,TK,TK
502,ADANA,SAİMBEYLİ,MERKEZKÖYLER,AYVACIK KÖYÜ,01740,TK,TK
503,ADANA,SAİMBEYLİ,MERKEZKÖYLER,BEYPINARI KÖYÜ,01740,TK,TK
504,ADANA,SAİMBEYLİ,MERKEZKÖYLER,CIVIKLI KÖYÜ,01740,TK,TK
505,ADANA,SAİMBEYLİ,MERKEZKÖYLER,CUMHURLU KÖYÜ,01740,TK,TK
506,ADANA,SAİMBEYLİ,MERKEZKÖYLER,ÇATAK KÖYÜ,01740,TK,TK
507,ADANA,SAİMBEYLİ,MERKEZKÖYLER,ÇERALAN KÖYÜ,01740,TK,TK
508,ADANA,SAİMBEYLİ,MERKEZKÖYLER,ÇORAK KÖYÜ,01740,TK,TK
509,ADANA,SAİMBEYLİ,MERKEZKÖYLER,DEĞİRMENCİUŞAĞI KÖYÜ,01740,TK,TK
510,ADANA,SAİMBEYLİ,MERKEZKÖYLER,EYÜPLÜ KÖYÜ,01740,TK,TK
511,ADANA,SAİMBEYLİ,MERKEZKÖYLER,GÖKMENLER KÖYÜ,01740,TK,TK
512,ADANA,SAİMBEYLİ,MERKEZKÖYLER,GÜRLEŞEN KÖYÜ,01740,TK,TK
513,ADANA,SAİMBEYLİ,MERKEZKÖYLER,HALİLBEYLİ KÖYÜ,01740,TK,TK
514,ADANA,SAİMBEYLİ,MERKEZKÖYLER,HİMMETLİ KÖYÜ,01740,TK,TK
515,ADANA,SAİMBEYLİ,MERKEZKÖYLER,KANDİLLİ KÖYÜ,01740,TK,TK
516,ADANA,SAİMBEYLİ,MERKEZKÖYLER,KAPAKLIKUYU KÖYÜ,01740,TK,TK
517,ADANA,SAİMBEYLİ,MERKEZKÖYLER,KARAKUYU KÖYÜ,01740,TK,TK
518,ADANA,SAİMBEYLİ,MERKEZKÖYLER,KIZILAĞAÇ KÖYÜ,01740,TK,TK
519,ADANA,SAİMBEYLİ,MERKEZKÖYLER,MAHMUTLU KÖYÜ,01740,TK,TK
520,ADANA,SAİMBEYLİ,MERKEZKÖYLER,NALTAŞ KÖYÜ,01740,TK,TK
521,ADANA,SAİMBEYLİ,MERKEZKÖYLER,PAYAMBURNU KÖYÜ,01740,TK,TK
522,ADANA,SAİMBEYLİ,MERKEZKÖYLER,TOPALLAR KÖYÜ,01740,TK,TK
523,ADANA,SAİMBEYLİ,MERKEZKÖYLER,TÜLÜ KÖYÜ,01740,TK,TK
524,ADANA,SAİMBEYLİ,MERKEZKÖYLER,YARDİBİ KÖYÜ,01740,TK,TK
525,ADANA,SAİMBEYLİ,MERKEZKÖYLER,YENİKÖY KÖYÜ,01740,TK,TK
526,ADANA,SAİMBEYLİ,SAİMBEYLİ,FATİH MAH.,01740,TK,TK
527,ADANA,SAİMBEYLİ,SAİMBEYLİ,İSLAM MAH.,01740,TK,TK
528,ADANA,SAİMBEYLİ,SAİMBEYLİ,YEŞİLBAĞLAR MAH.,01740,TK,TK
529,ADANA,SARIÇAM,BAKLALI,ACIDERE MAH.,01410,TK,TK
530,ADANA,SARIÇAM,BAKLALI,BÜYÜKBAKLALI MAH.,01410,TK,TK
531,ADANA,SARIÇAM,BAKLALI,KARŞIYAKA MAH.,01410,TK,TK
532,ADANA,SARIÇAM,BAKLALI,KÜÇÜKBAKLALI MAH.,01410,TK,TK
533,ADANA,SARIÇAM,BURUK,CUMHURİYET MAH,01460,TK,TK
534,ADANA,SARIÇAM,BURUK,İSTİKLAL MAH.,01460,TK,TK
535,ADANA,SARIÇAM,ÇUKUROVA ÜNİVERSİTESİ,ÇUKUROVA ÜNİVERSİTESİ,01380,TK,TK
536,ADANA,SARIÇAM,İNCİRLİK,CUMHURİYET MAH.,01340,TK,TK
537,ADANA,SARIÇAM,İNCİRLİK,HÜRRİYET MAH.,01340,TK,TK
538,ADANA,SARIÇAM,İNCİRLİK,MUSTAFAKEMALPAŞA MAH.,01340,TK,TK
539,ADANA,SARIÇAM,İNCİRLİK,YENİ MAH.,01340,TK,TK
540,ADANA,SARIÇAM,KÜRKÇÜLER,DAĞCI MAH.,01400,TK,TK
541,ADANA,SARIÇAM,KÜRKÇÜLER,GÖZTEPE MAH.,01400,TK,TK
542,ADANA,SARIÇAM,KÜRKÇÜLER,MÜMİNLİ MAH.,01400,TK,TK
543,ADANA,SARIÇAM,KÜRKÇÜLER,YÜREKLİ MAH.,01400,TK,TK
544,ADANA,SARIÇAM,MERKEZKÖYLER,AFLAK KÖYÜ,01790,TK,TK
545,ADANA,SARIÇAM,MERKEZKÖYLER,AKKUYU KÖYÜ,01790,TK,TK
546,ADANA,SARIÇAM,MERKEZKÖYLER,AVCILAR KÖYÜ,01790,TK,TK
547,ADANA,SARIÇAM,MERKEZKÖYLER,AYDINYURDU KÖYÜ,01790,TK,TK
548,ADANA,SARIÇAM,MERKEZKÖYLER,BOYNUYOĞUN KÖYÜ,01790,TK,TK
549,ADANA,SARIÇAM,MERKEZKÖYLER,BOZTEPE KÖYÜ,01790,TK,TK
550,ADANA,SARIÇAM,MERKEZKÖYLER,CERENLİ KÖYÜ,01790,TK,TK
551,ADANA,SARIÇAM,MERKEZKÖYLER,CİHADİYE KÖYÜ,01790,TK,TK
552,ADANA,SARIÇAM,MERKEZKÖYLER,ÇAMLICA KÖYÜ,01790,TK,TK
553,ADANA,SARIÇAM,MERKEZKÖYLER,ÇARKIPARE KÖYÜ,01790,TK,TK
554,ADANA,SARIÇAM,MERKEZKÖYLER,ÇAYLI KÖYÜ,01790,TK,TK
555,ADANA,SARIÇAM,MERKEZKÖYLER,ÇİÇEKLİ KÖYÜ,01790,TK,TK
556,ADANA,SARIÇAM,MERKEZKÖYLER,ÇİRİŞGEDİĞİ KÖYÜ,01790,TK,TK
557,ADANA,SARIÇAM,MERKEZKÖYLER,DUTLUCA(BOCU) KÖYÜ,01790,TK,TK
558,ADANA,SARIÇAM,MERKEZKÖYLER,EĞERCİUŞAĞI KÖYÜ,01790,TK,TK
559,ADANA,SARIÇAM,MERKEZKÖYLER,GÖKBÜVET KÖYÜ,01790,TK,TK
560,ADANA,SARIÇAM,MERKEZKÖYLER,HAKKIBEYLİ KÖYÜ,01790,TK,TK
561,ADANA,SARIÇAM,MERKEZKÖYLER,HASANBEYLİ KÖYÜ,01790,TK,TK
562,ADANA,SARIÇAM,MERKEZKÖYLER,HOCALI KÖYÜ,01790,TK,TK
563,ADANA,SARIÇAM,MERKEZKÖYLER,KARAÖMERLİ KÖYÜ,01790,TK,TK
564,ADANA,SARIÇAM,MERKEZKÖYLER,KARAYUSUFLU KÖYÜ,01790,TK,TK
565,ADANA,SARIÇAM,MERKEZKÖYLER,KARGAKEKEÇ KÖYÜ,01790,TK,TK
566,ADANA,SARIÇAM,MERKEZKÖYLER,KARLIK KÖYÜ,01790,TK,TK
567,ADANA,SARIÇAM,MERKEZKÖYLER,KAŞOBASI KÖYÜ,01790,TK,TK
568,ADANA,SARIÇAM,MERKEZKÖYLER,KEPEZTEPE KÖYÜ,01790,TK,TK
569,ADANA,SARIÇAM,MERKEZKÖYLER,KILBAŞ KÖYÜ,01790,TK,TK
570,ADANA,SARIÇAM,MERKEZKÖYLER,KILIÇLI KÖYÜ,01790,TK,TK
571,ADANA,SARIÇAM,MERKEZKÖYLER,KIZILKAŞ KÖYÜ,01790,TK,TK
572,ADANA,SARIÇAM,MERKEZKÖYLER,KÖSEFAKILI KÖYÜ,01790,TK,TK
573,ADANA,SARIÇAM,MERKEZKÖYLER,MALTEPE KÖYÜ,01790,TK,TK
574,ADANA,SARIÇAM,MERKEZKÖYLER,MENEKŞE KÖYÜ,01790,TK,TK
575,ADANA,SARIÇAM,MERKEZKÖYLER,MUSTAFALAR KÖYÜ,01790,TK,TK
576,ADANA,SARIÇAM,MERKEZKÖYLER,SARIÇAM KÖYÜ,01790,TK,TK
577,ADANA,SARIÇAM,MERKEZKÖYLER,TURUNÇLU KÖYÜ,01790,TK,TK
578,ADANA,SARIÇAM,MERKEZKÖYLER,ÜNLÜCE KÖYÜ,01790,TK,TK
579,ADANA,SARIÇAM,MERKEZKÖYLER,YAĞIZLAR KÖYÜ,01790,TK,TK
580,ADANA,SARIÇAM,MERKEZKÖYLER,YARIMCA KÖYÜ,01790,TK,TK
581,ADANA,SARIÇAM,MERKEZKÖYLER,YENİYAYLA KÖYÜ,01790,TK,TK
582,ADANA,SARIÇAM,REMZİOĞUZARIK,AYVALI MAH.,01250,TK,TK
583,ADANA,SARIÇAM,REMZİOĞUZARIK,BAYRAMHACILI MAH.,01250,TK,TK
584,ADANA,SARIÇAM,REMZİOĞUZARIK,BEYCELI MAH.,01250,TK,TK
585,ADANA,SARIÇAM,REMZİOĞUZARIK,ÇARKIPARE MAH.,01250,TK,TK
586,ADANA,SARIÇAM,REMZİOĞUZARIK,ÇINARLI MAH.,01250,TK,TK
587,ADANA,SARIÇAM,REMZİOĞUZARIK,ESENTEPE MAH.,01250,TK,TK
588,ADANA,SARIÇAM,REMZİOĞUZARIK,GÜLTEPE MAH.,01250,TK,TK
589,ADANA,SARIÇAM,REMZİOĞUZARIK,MEHMETAKİFERSOY MAH.,01250,TK,TK
590,ADANA,SARIÇAM,REMZİOĞUZARIK,ORHANGAZI MAH.,01250,TK,TK
591,ADANA,SARIÇAM,REMZİOĞUZARIK,REMZİOĞUZARIK MAH.,01250,TK,TK
592,ADANA,SARIÇAM,REMZİOĞUZARIK,SOFUDEDE MAH.,01250,TK,TK
593,ADANA,SARIÇAM,REMZİOĞUZARIK,ŞAHİNTEPE MAH.,01250,TK,TK
594,ADANA,SARIÇAM,REMZİOĞUZARIK,YAVUZSULTANSELİM MAH.,01250,TK,TK
595,ADANA,SARIÇAM,REMZİOĞUZARIK,YEŞİLTEPE MAH.,01250,TK,TK
596,ADANA,SARIÇAM,REMZİOĞUZARIK,YILDIRIMBEYAZIT MAH.,01250,TK,TK
597,ADANA,SEYHAN,AKKAPI,AKKAPI MAH.,01040,TK,TK
598,ADANA,SEYHAN,AKKAPI,DAĞLIOĞLU MAH.,01040,TK,TK
599,ADANA,SEYHAN,DENİZLİ,AHMETREMZİYÜREĞİR MAH.,01130,TK,TK
600,ADANA,SEYHAN,DENİZLİ,DENİZLİ MAH.,01130,TK,TK
601,ADANA,SEYHAN,DENİZLİ,DÖŞEME MAH.,01130,TK,TK
602,ADANA,SEYHAN,DENİZLİ,KURTULUŞ MAH.,01130,TK,TK
603,ADANA,SEYHAN,DENİZLİ,MİTHATPAŞA MAH.,01130,TK,TK
604,ADANA,SEYHAN,DENİZLİ,SAKARYA MAH.,01130,TK,TK
605,ADANA,SEYHAN,EMEK,EMEK MAH.,01080,TK,TK
606,ADANA,SEYHAN,EMEK,OVA MAH.,01080,TK,TK
607,ADANA,SEYHAN,EMEK,ŞAKİRPAŞA MAH.,01080,TK,TK
608,ADANA,SEYHAN,EMEK,UÇAK MAH.,01080,TK,TK
609,ADANA,SEYHAN,FEVZİPAŞA,AYDINLAR MAH.,01190,TK,TK
610,ADANA,SEYHAN,FEVZİPAŞA,BARIŞ MAH.,01190,TK,TK
611,ADANA,SEYHAN,FEVZİPAŞA,FEVZİPAŞA MAH.,01190,TK,TK
612,ADANA,SEYHAN,GAZİPAŞA,CEMALPAŞA MAH.,01120,TK,TK
613,ADANA,SEYHAN,GAZİPAŞA,ÇINARLI MAH.,01120,TK,TK
614,ADANA,SEYHAN,GAZİPAŞA,REŞATBEY MAH.,01120,TK,TK
615,ADANA,SEYHAN,GÜLBAHÇESİ,GÜLBAHÇESİ MAH.,01050,TK,TK
616,ADANA,SEYHAN,GÜRSELPAŞA,2000EVLER MAH.,01200,TK,TK
617,ADANA,SEYHAN,GÜRSELPAŞA,BAHÇEŞEHİR MAH.,01200,TK,TK
618,ADANA,SEYHAN,GÜRSELPAŞA,GÜRSELPAŞA MAH.,01200,TK,TK
619,ADANA,SEYHAN,GÜRSELPAŞA,YENİ MAH.,01200,TK,TK
620,ADANA,SEYHAN,HADIRLI,HADIRLI MAH.,01365,TK,TK
621,ADANA,SEYHAN,HÜKÜMET,ALİDEDE MAH.,01020,TK,TK
622,ADANA,SEYHAN,HÜKÜMET,BEŞOCAK MAH.,01020,TK,TK
623,ADANA,SEYHAN,HÜKÜMET,HÜRRİYET MAH.,01020,TK,TK
624,ADANA,SEYHAN,HÜKÜMET,MESTANZADE MAH.,01020,TK,TK
625,ADANA,SEYHAN,HÜKÜMET,SARIYAKUP MAH.,01020,TK,TK
626,ADANA,SEYHAN,HÜKÜMET,ŞEHİTDURAN MAH.,01020,TK,TK
627,ADANA,SEYHAN,HÜKÜMET,TÜRKOCAĞI MAH.,01020,TK,TK
628,ADANA,SEYHAN,HÜKÜMET,YENİBEY MAH.,01020,TK,TK
629,ADANA,SEYHAN,KARAYUSUFLU,BAHÇELİEVLER MAH.,01355,TK,TK
630,ADANA,SEYHAN,KARAYUSUFLU,BÜYÜKÇILDIRIM MAH.,01355,TK,TK
631,ADANA,SEYHAN,KARAYUSUFLU,BÜYÜKDİKİLİ MAH.,01355,TK,TK
632,ADANA,SEYHAN,KARAYUSUFLU,CAMUZCU MAH.,01355,TK,TK
633,ADANA,SEYHAN,KARAYUSUFLU,ÇAPUTÇU MAH.,01355,TK,TK
634,ADANA,SEYHAN,KARAYUSUFLU,DERVIŞLER MAH.,01355,TK,TK
635,ADANA,SEYHAN,KARAYUSUFLU,DÖRTAĞAÇ MAH.,01355,TK,TK
636,ADANA,SEYHAN,KARAYUSUFLU,GÖKÇELER MAH.,01355,TK,TK
637,ADANA,SEYHAN,KARAYUSUFLU,GÖLBAŞI MAH.,01355,TK,TK
638,ADANA,SEYHAN,KARAYUSUFLU,KARAKUYU MAH.,01355,TK,TK
639,ADANA,SEYHAN,KARAYUSUFLU,KAYIŞLI MAH.,01355,TK,TK
640,ADANA,SEYHAN,KARAYUSUFLU,KAYIŞLI MAH.,01355,TK,TK
641,ADANA,SEYHAN,KARAYUSUFLU,KOYUNCU MAH.,01355,TK,TK
642,ADANA,SEYHAN,KARAYUSUFLU,KÖYLÜOĞLU MAH.,01355,TK,TK
643,ADANA,SEYHAN,KARAYUSUFLU,KUYUMCULAR MAH.,01355,TK,TK
644,ADANA,SEYHAN,KARAYUSUFLU,KÜÇÜKÇILDIRIM MAH.,01355,TK,TK
645,ADANA,SEYHAN,KARAYUSUFLU,MÜRSELOĞLU MAH.,01355,TK,TK
646,ADANA,SEYHAN,KARAYUSUFLU,SALMANBEYLİ MAH.,01355,TK,TK
647,ADANA,SEYHAN,KARAYUSUFLU,SARIHUĞLAR MAH.,01355,TK,TK
648,ADANA,SEYHAN,KARAYUSUFLU,SERİNEVLER MAH.,01355,TK,TK
649,ADANA,SEYHAN,KARAYUSUFLU,YALMANLI MAH.,01355,TK,TK
650,ADANA,SEYHAN,KARAYUSUFLU,YENİDAM MAH.,01355,TK,TK
651,ADANA,SEYHAN,KARAYUSUFLU,YOLGEÇEN MAH.,01355,TK,TK
652,ADANA,SEYHAN,KARAYUSUFLU,ZEYTİNLİ MAH.,01355,TK,TK
653,ADANA,SEYHAN,KURUKÖPRÜ,ÇINARLI MAH.,01060,TK,TK
654,ADANA,SEYHAN,KURUKÖPRÜ,DÖŞEME MAH.,01060,TK,TK
655,ADANA,SEYHAN,KURUKÖPRÜ,HANEDAN MAH.,01060,TK,TK
656,ADANA,SEYHAN,KURUKÖPRÜ,HURMALI MAH.,01060,TK,TK
657,ADANA,SEYHAN,KURUKÖPRÜ,İSTİKLAL MAH.,01060,TK,TK
658,ADANA,SEYHAN,KURUKÖPRÜ,KOCAVEZİR MAH.,01060,TK,TK
659,ADANA,SEYHAN,KURUKÖPRÜ,KURUKÖPRÜ MAH.,01060,TK,TK
660,ADANA,SEYHAN,KÜÇÜKDİKİLİ,DİKİLİ MAH.,01430,TK,TK
661,ADANA,SEYHAN,KÜÇÜKDİKİLİ,KAVAKLI MAH.,01430,TK,TK
662,ADANA,SEYHAN,KÜÇÜKDİKİLİ,KÜÇÜKDİKİLİ MAH.,01430,TK,TK
663,ADANA,SEYHAN,KÜÇÜKDİKİLİ,KÜÇÜKDİKİLİÇINARLI MAH.,01430,TK,TK
664,ADANA,SEYHAN,KÜÇÜKDİKİLİ,MEKAN MAH.,01430,TK,TK
665,ADANA,SEYHAN,KÜÇÜKDİKİLİ,SÖGÜTLÜ MAH.,01430,TK,TK
666,ADANA,SEYHAN,MAVİBULVAR(YURT),FATİH MAH.,01160,TK,TK
667,ADANA,SEYHAN,MAVİBULVAR(YURT),PINAR MAH.,01160,TK,TK
668,ADANA,SEYHAN,MAVİBULVAR(YURT),TELLİDERE MAH.,01160,TK,TK
669,ADANA,SEYHAN,MERKEZKÖYLER,ÇABUTÇU MAH.,01355,TK,TK
670,ADANA,SEYHAN,MERKEZKÖYLER,SALMANBEYLİ MAH.,01355,TK,TK
671,ADANA,SEYHAN,MEYDAN,DUMLUPINAR MAH.,01070,TK,TK
672,ADANA,SEYHAN,MEYDAN,GÜLPINAR MAH.,01070,TK,TK
673,ADANA,SEYHAN,MEYDAN,MEYDAN MAH.,01070,TK,TK
674,ADANA,SEYHAN,MEYDAN,MİRZAÇELEBİ MAH.,01070,TK,TK
675,ADANA,SEYHAN,MEYDAN,YEŞİLYUVA MAH.,01070,TK,TK
676,ADANA,SEYHAN,SAYDAM,BARBAROS MAH.,01030,TK,TK
677,ADANA,SEYHAN,SAYDAM,BEY MAH.,01030,TK,TK
678,ADANA,SEYHAN,SAYDAM,HAVUZLUBAHÇE MAH.,01030,TK,TK
679,ADANA,SEYHAN,SAYDAM,MIDIK MAH.,01030,TK,TK
680,ADANA,SEYHAN,SAYDAM,SUCUZADE MAH.,01030,TK,TK
681,ADANA,SEYHAN,ŞAKİRPAŞA,ONUR MAH.,01100,TK,TK
682,ADANA,SEYHAN,ŞAKİRPAŞA,YEŞİLOBA MAH.,01100,TK,TK
683,ADANA,SEYHAN,YAĞCAMİ,KARASOKU MAH.,01010,TK,TK
684,ADANA,SEYHAN,YAĞCAMİ,KAYALIBAĞ MAH.,01010,TK,TK
685,ADANA,SEYHAN,YAĞCAMİ,TEPEBAĞ MAH.,01010,TK,TK
686,ADANA,SEYHAN,YAĞCAMİ,ULUCAMİİ MAH.,01010,TK,TK
687,ADANA,SEYHAN,YEŞİLEVLER,BAHÇELİEVLER MAH.,01180,TK,TK
688,ADANA,SEYHAN,YEŞİLEVLER,DEMETEVLER MAH.,01180,TK,TK
689,ADANA,SEYHAN,YEŞİLEVLER,İSMETPAŞA MAH.,01180,TK,TK
690,ADANA,SEYHAN,YEŞİLEVLER,NARLICA MAH.,01180,TK,TK
691,ADANA,SEYHAN,YEŞİLEVLER,YEŞİLEVLER MAH.,01180,TK,TK
692,ADANA,SEYHAN,YEŞİLOBA,SARIHAMZALI MAH.,01110,TK,TK
693,ADANA,SEYHAN,YEŞİLYURT,YENİBARAJ MAH.,01150,TK,TK
694,ADANA,SEYHAN,YEŞİLYURT,YEŞİLYURT MAH.,01150,TK,TK
695,ADANA,SEYHAN,ZİYAPAŞA,GAZİPAŞA MAH.,01140,TK,TK
696,ADANA,SEYHAN,ZİYAPAŞA,NAMIKKEMAL MAH.,01140,TK,TK
697,ADANA,SEYHAN,ZİYAPAŞA,SÜMER MAH.,01140,TK,TK
698,ADANA,SEYHAN,ZİYAPAŞA,ZİYAPAŞA MAH.,01140,TK,TK
699,ADANA,TUFANBEYLİ,BOZGÜNEY,BAHÇELİEVLER MAH.,01640,TK,TK
700,ADANA,TUFANBEYLİ,BOZGÜNEY,ESENTEPE MAH.,01640,TK,TK
701,ADANA,TUFANBEYLİ,MERKEZKÖYLER,AKPINAR KÖYÜ,01640,TK,TK
702,ADANA,TUFANBEYLİ,MERKEZKÖYLER,AYVAT KÖYÜ,01640,TK,TK
703,ADANA,TUFANBEYLİ,MERKEZKÖYLER,ÇAKIRLAR KÖYÜ,01640,TK,TK
704,ADANA,TUFANBEYLİ,MERKEZKÖYLER,ÇATALÇAM KÖYÜ,01640,TK,TK
705,ADANA,TUFANBEYLİ,MERKEZKÖYLER,ÇUKURKIŞLA KÖYÜ,01640,TK,TK
706,ADANA,TUFANBEYLİ,MERKEZKÖYLER,DAMLALI KÖYÜ,01640,TK,TK
707,ADANA,TUFANBEYLİ,MERKEZKÖYLER,DEMİROLUK KÖYÜ,01640,TK,TK
708,ADANA,TUFANBEYLİ,MERKEZKÖYLER,DOĞANBEYLİ KÖYÜ,01640,TK,TK
709,ADANA,TUFANBEYLİ,MERKEZKÖYLER,DOĞANLI KÖYÜ,01640,TK,TK
710,ADANA,TUFANBEYLİ,MERKEZKÖYLER,EVCİ KÖYÜ,01640,TK,TK
711,ADANA,TUFANBEYLİ,MERKEZKÖYLER,FATMAKUYU KÖYÜ,01640,TK,TK
712,ADANA,TUFANBEYLİ,MERKEZKÖYLER,GÜZELİM KÖYÜ,01640,TK,TK
713,ADANA,TUFANBEYLİ,MERKEZKÖYLER,HANYERİ KÖYÜ,01640,TK,TK
714,ADANA,TUFANBEYLİ,MERKEZKÖYLER,İĞDEBELİ KÖYÜ,01640,TK,TK
715,ADANA,TUFANBEYLİ,MERKEZKÖYLER,KARSAVURAN KÖYÜ,01640,TK,TK
716,ADANA,TUFANBEYLİ,MERKEZKÖYLER,KAYAPINAR KÖYÜ,01640,TK,TK
717,ADANA,TUFANBEYLİ,MERKEZKÖYLER,KAYIRCIK KÖYÜ,01640,TK,TK
718,ADANA,TUFANBEYLİ,MERKEZKÖYLER,KİRAZLIYURT KÖYÜ,01640,TK,TK
719,ADANA,TUFANBEYLİ,MERKEZKÖYLER,KOZCAĞIZ KÖYÜ,01640,TK,TK
720,ADANA,TUFANBEYLİ,MERKEZKÖYLER,ORTAKÖY KÖYÜ,01640,TK,TK
721,ADANA,TUFANBEYLİ,MERKEZKÖYLER,PEKMEZLİ KÖYÜ,01640,TK,TK
722,ADANA,TUFANBEYLİ,MERKEZKÖYLER,PINARLAR KÖYÜ,01640,TK,TK
723,ADANA,TUFANBEYLİ,MERKEZKÖYLER,POLATPINARI KÖYÜ,01640,TK,TK
724,ADANA,TUFANBEYLİ,MERKEZKÖYLER,ŞARKÖY KÖYÜ,01640,TK,TK
725,ADANA,TUFANBEYLİ,MERKEZKÖYLER,TAŞPINAR KÖYÜ,01640,TK,TK
726,ADANA,TUFANBEYLİ,MERKEZKÖYLER,TOZLU KÖYÜ,01640,TK,TK
727,ADANA,TUFANBEYLİ,MERKEZKÖYLER,YAMANLI KÖYÜ,01640,TK,TK
728,ADANA,TUFANBEYLİ,MERKEZKÖYLER,YEŞİLOVA KÖYÜ,01640,TK,TK
729,ADANA,TUFANBEYLİ,TUFANBEYLI,CUMHURİYET MAH.,01640,TK,TK
730,ADANA,TUFANBEYLİ,TUFANBEYLI,İSTİKLAL MAH.,01640,TK,TK
731,ADANA,TUFANBEYLİ,TUFANBEYLI,YENİCAMİİ MAH.,01640,TK,TK
732,ADANA,YUMURTALIK,KALDIRIM,BAHÇELİEVLER MAH.,01680,TK,TK
733,ADANA,YUMURTALIK,KALDIRIM,CUMHURİYET MAH.,01680,TK,TK
734,ADANA,YUMURTALIK,KALDIRIM,HÜRRİYET MAH.,01680,TK,TK
735,ADANA,YUMURTALIK,MERKEZKÖYLER,ASMALI KÖYÜ,01680,TK,TK
736,ADANA,YUMURTALIK,MERKEZKÖYLER,AYVALIK KÖYÜ,01680,TK,TK
737,ADANA,YUMURTALIK,MERKEZKÖYLER,DEMİRTAŞ KÖYÜ,01680,TK,TK
738,ADANA,YUMURTALIK,MERKEZKÖYLER,DEVECİUŞAĞI KÖYÜ,01680,TK,TK
739,ADANA,YUMURTALIK,MERKEZKÖYLER,GÖLOVASI KÖYÜ,01680,TK,TK
740,ADANA,YUMURTALIK,MERKEZKÖYLER,HAMZALI KÖYÜ,01680,TK,TK
741,ADANA,YUMURTALIK,MERKEZKÖYLER,HAYLAZLI KÖYÜ,01680,TK,TK
742,ADANA,YUMURTALIK,MERKEZKÖYLER,KALEMLİ KÖYÜ,01680,TK,TK
743,ADANA,YUMURTALIK,MERKEZKÖYLER,KESMEBURUN KÖYÜ,01680,TK,TK
744,ADANA,YUMURTALIK,MERKEZKÖYLER,KIRMIZIDAM KÖYÜ,01680,TK,TK
745,ADANA,YUMURTALIK,MERKEZKÖYLER,KUZUPINARI KÖYÜ,01680,TK,TK
746,ADANA,YUMURTALIK,MERKEZKÖYLER,NARLIÖREN KÖYÜ,01680,TK,TK
747,ADANA,YUMURTALIK,MERKEZKÖYLER,SUGÖZÜ KÖYÜ,01680,TK,TK
748,ADANA,YUMURTALIK,MERKEZKÖYLER,YENİKÖY KÖYÜ,01680,TK,TK
749,ADANA,YUMURTALIK,MERKEZKÖYLER,YUMURTALIK KÖYÜ,01680,TK,TK
750,ADANA,YUMURTALIK,YEŞİLKÖY,AYDIN MAH.,01680,TK,TK
751,ADANA,YUMURTALIK,YEŞİLKÖY,KALDIRIM MAH.,01680,TK,TK
752,ADANA,YUMURTALIK,YEŞİLKÖY,YENİ MAH.,01680,TK,TK
753,ADANA,YUMURTALIK,YUMURTALIK,AKDENİZ MAH.,01680,TK,TK
754,ADANA,YUMURTALIK,YUMURTALIK,AKYUVA MAH.,01680,TK,TK
755,ADANA,YUMURTALIK,YUMURTALIK,AYAS MAH.,01680,TK,TK
756,ADANA,YUMURTALIK,YUMURTALIK,DERVİŞİYE MAH.,01680,TK,TK
757,ADANA,YUMURTALIK,YUMURTALIK,KEMALPAŞA MAH.,01680,TK,TK
758,ADANA,YUMURTALIK,YUMURTALIK,ÖREN MAH.,01680,TK,TK
759,ADANA,YUMURTALIK,ZEYTİNBELİ,ATATÜRK MAH.,01680,TK,TK
760,ADANA,YUMURTALIK,ZEYTİNBELİ,BARBAROS MAH.,01680,TK,TK
761,ADANA,YUMURTALIK,ZEYTİNBELİ,BOZDOĞAN MAH.,01680,TK,TK
762,ADANA,YUMURTALIK,ZEYTİNBELİ,FATİH MAH.,01680,TK,TK
763,ADANA,YUMURTALIK,ZEYTİNBELİ,FUADİYE MAH.,01680,TK,TK
764,ADANA,YUMURTALIK,ZEYTİNBELİ,YENİ MAH.,01680,TK,TK
765,ADANA,YÜREĞİR,ABDİOĞLU,ABDİOĞLUCUMHURİYET MAH.,01358,TK,TK
766,ADANA,YÜREĞİR,ABDİOĞLU,BÜYÜKKAPILI MAH.,01358,TK,TK
767,ADANA,YÜREĞİR,ABDİOĞLU,CAMİLİ MAH.,01358,TK,TK
768,ADANA,YÜREĞİR,ABDİOĞLU,CIRIK MAH.,01358,TK,TK
769,ADANA,YÜREĞİR,ABDİOĞLU,ÇATALPINAR MAH.,01358,TK,TK
770,ADANA,YÜREĞİR,ABDİOĞLU,ÇİNE MAH.,01358,TK,TK
771,ADANA,YÜREĞİR,ABDİOĞLU,ÇOTLU MAH.,01358,TK,TK
772,ADANA,YÜREĞİR,ABDİOĞLU,DEDEPINAR MAH.,01358,TK,TK
773,ADANA,YÜREĞİR,ABDİOĞLU,DÜZCE MAH.,01358,TK,TK
774,ADANA,YÜREĞİR,ABDİOĞLU,ESENLER MAH.,01358,TK,TK
775,ADANA,YÜREĞİR,ABDİOĞLU,GEÇİTLİCUMHURİYET MAH.,01358,TK,TK
776,ADANA,YÜREĞİR,ABDİOĞLU,GÜMÜŞYAZI MAH.,01358,TK,TK
777,ADANA,YÜREĞİR,ABDİOĞLU,HACIALİ MAH.,01358,TK,TK
778,ADANA,YÜREĞİR,ABDİOĞLU,HEREKLİ MAH.,01358,TK,TK
779,ADANA,YÜREĞİR,ABDİOĞLU,IRMAKBAŞI MAH.,01358,TK,TK
780,ADANA,YÜREĞİR,ABDİOĞLU,KADIKÖY MAH.,01358,TK,TK
781,ADANA,YÜREĞİR,ABDİOĞLU,KARAAHMETLİ MAH.,01358,TK,TK
782,ADANA,YÜREĞİR,ABDİOĞLU,KÜTÜKLÜ MAH.,01358,TK,TK
783,ADANA,YÜREĞİR,ABDİOĞLU,ÖZLER MAH.,01358,TK,TK
784,ADANA,YÜREĞİR,ABDİOĞLU,SAKIZLI MAH.,01358,TK,TK
785,ADANA,YÜREĞİR,ABDİOĞLU,SULUCA MAH.,01358,TK,TK
786,ADANA,YÜREĞİR,ABDİOĞLU,YAHŞİLER MAH.,01358,TK,TK
787,ADANA,YÜREĞİR,ABDİOĞLU,YENİKÖY MAH.,01358,TK,TK
788,ADANA,YÜREĞİR,ABDİOĞLU,YERDELEN MAH.,01358,TK,TK
789,ADANA,YÜREĞİR,ABDİOĞLU,YUNUSOĞLU MAH.,01358,TK,TK
790,ADANA,YÜREĞİR,ABDİOĞLU,YUNUSOĞLUCUMHURİYET MAH.,01358,TK,TK
791,ADANA,YÜREĞİR,ABDİOĞLU,YUNUSOĞLUHÜRRİYET MAH.,01358,TK,TK
792,ADANA,YÜREĞİR,BAHÇELİEVLER,ANADOLU MAH.,01285,TK,TK
793,ADANA,YÜREĞİR,BAHÇELİEVLER,BAHÇELİEVLER MAH.,01285,TK,TK
794,ADANA,YÜREĞİR,BAHÇELİEVLER,DEDEKORKUT MAH.,01285,TK,TK
795,ADANA,YÜREĞİR,BAHÇELİEVLER,YEŞİLBAĞLAR MAH.,01285,TK,TK
796,ADANA,YÜREĞİR,BAHÇELİEVLER,YUNUSEMRE MAH.,01285,TK,TK
797,ADANA,YÜREĞİR,DOĞANKENT,AĞZIBÜYÜK MAH.,01370,TK,TK
798,ADANA,YÜREĞİR,DOĞANKENT,BAHÇELIEVLER MAH.,01370,TK,TK
799,ADANA,YÜREĞİR,DOĞANKENT,DANİŞMENT MAH.,01370,TK,TK
800,ADANA,YÜREĞİR,DOĞANKENT,DENİZKUYUSU MAH.,01370,TK,TK
801,ADANA,YÜREĞİR,DOĞANKENT,GAZİPAŞA MAH.,01370,TK,TK
802,ADANA,YÜREĞİR,DOĞANKENT,KIŞLA MAH.,01370,TK,TK
803,ADANA,YÜREĞİR,DOĞANKENT,PEKMEZLİ MAH.,01370,TK,TK
804,ADANA,YÜREĞİR,DOĞANKENT,SAĞDIÇLI MAH.,01370,TK,TK
805,ADANA,YÜREĞİR,DOĞANKENT,ŞIHMURAT MAH.,01370,TK,TK
806,ADANA,YÜREĞİR,HAVUTLU,AKDAM MAH.,01375,TK,TK
807,ADANA,YÜREĞİR,HAVUTLU,ALİHOCALI MAH.,01375,TK,TK
808,ADANA,YÜREĞİR,HAVUTLU,ATATÜRK MAH.,01375,TK,TK
809,ADANA,YÜREĞİR,HAVUTLU,AYDINCIK MAH.,01375,TK,TK
810,ADANA,YÜREĞİR,HAVUTLU,BEYKÖY MAH.,01375,TK,TK
811,ADANA,YÜREĞİR,HAVUTLU,ÇAĞIRKANLI MAH.,01375,TK,TK
812,ADANA,YÜREĞİR,HAVUTLU,EĞRİAĞAÇ MAH.,01375,TK,TK
813,ADANA,YÜREĞİR,HAVUTLU,GÖKÇELI MAH.,01375,TK,TK
814,ADANA,YÜREĞİR,HAVUTLU,KAMIŞLI MAH.,01375,TK,TK
815,ADANA,YÜREĞİR,HAVUTLU,KAYARLI MAH.,01375,TK,TK
816,ADANA,YÜREĞİR,HAVUTLU,KÖKLÜCE MAH.,01375,TK,TK
817,ADANA,YÜREĞİR,HAVUTLU,KÖPRÜGÖZÜ MAH.,01375,TK,TK
818,ADANA,YÜREĞİR,HAVUTLU,PAŞAKÖY MAH.,01375,TK,TK
819,ADANA,YÜREĞİR,HAVUTLU,SAZAK MAH.,01375,TK,TK
820,ADANA,YÜREĞİR,HAVUTLU,SOLAKLI MAH.,01375,TK,TK
821,ADANA,YÜREĞİR,HAVUTLU,SOLAKLICUMHURİYET MAH.,01375,TK,TK
822,ADANA,YÜREĞİR,HAVUTLU,SOLAKLIHÜRRİYET MAH.,01375,TK,TK
823,ADANA,YÜREĞİR,HAVUTLU,ŞAHİNAĞA MAH.,01375,TK,TK
824,ADANA,YÜREĞİR,HAVUTLU,TAŞÇI MAH.,01375,TK,TK
825,ADANA,YÜREĞİR,HAVUTLU,YALNIZCA MAH.,01375,TK,TK
826,ADANA,YÜREĞİR,HAVUTLU,YENİCE MAH.,01375,TK,TK
827,ADANA,YÜREĞİR,HAVUTLU,YUKARIÇİÇEKLİ MAH.,01375,TK,TK
828,ADANA,YÜREĞİR,HAVUTLU,ZAĞARLI MAH.,01375,TK,TK
829,ADANA,YÜREĞİR,KARACAOĞLAN,ATAKENT MAH.,01260,TK,TK
830,ADANA,YÜREĞİR,KARACAOĞLAN,ÇAMLIBEL MAH.,01260,TK,TK
831,ADANA,YÜREĞİR,KARACAOĞLAN,DERVİŞLER MAH.,01260,TK,TK
832,ADANA,YÜREĞİR,KARACAOĞLAN,KİREMİTHANE MAH.,01260,TK,TK
833,ADANA,YÜREĞİR,KARACAOĞLAN,MUTLU MAH.,01260,TK,TK
834,ADANA,YÜREĞİR,KARACAOĞLAN,ÖZGÜR MAH.,01260,TK,TK
835,ADANA,YÜREĞİR,KARACAOĞLAN,SARIÇAM MAH.,01260,TK,TK
836,ADANA,YÜREĞİR,KARACAOĞLAN,ŞEHİTERKUTAKBAY MAH.,01260,TK,TK
837,ADANA,YÜREĞİR,KARACAOĞLAN,ULUBATLIHASAN MAH.,01260,TK,TK
838,ADANA,YÜREĞİR,KARŞIYAKA,AKDENİZ MAH.,01280,TK,TK
839,ADANA,YÜREĞİR,KARŞIYAKA,CUMHURİYET MAH.,01280,TK,TK
840,ADANA,YÜREĞİR,KARŞIYAKA,GÜNEŞLİ MAH.,01280,TK,TK
841,ADANA,YÜREĞİR,KAZIMKARABEKİR,KAZIMKARABEKİR MAH.,01230,TK,TK
842,ADANA,YÜREĞİR,KAZIMKARABEKİR,KIŞLA MAH.,01230,TK,TK
843,ADANA,YÜREĞİR,KAZIMKARABEKİR,KÖPRÜLÜ MAH.,01230,TK,TK
844,ADANA,YÜREĞİR,KERESTECİLER,19MAYIS MAH.,01316,TK,TK
845,ADANA,YÜREĞİR,KERESTECİLER,BAŞAK MAH.,01316,TK,TK
846,ADANA,YÜREĞİR,KERESTECİLER,GÜZELEVLER MAH.,01316,TK,TK
847,ADANA,YÜREĞİR,KERESTECİLER,KOZA MAH.,01316,TK,TK
848,ADANA,YÜREĞİR,KERESTECİLER,LEVENT MAH.,01316,TK,TK
849,ADANA,YÜREĞİR,KERESTECİLER,YENİDOĞAN MAH,01316,TK,TK
850,ADANA,YÜREĞİR,MERKEZKÖYLER,AKPINAR KÖYÜ,01415,TK,TK
851,ADANA,YÜREĞİR,MERKEZKÖYLER,BELÖREN KÖYÜ,01415,TK,TK
852,ADANA,YÜREĞİR,MERKEZKÖYLER,ÇATALPINAR KÖYÜ,01415,TK,TK
853,ADANA,YÜREĞİR,MERKEZKÖYLER,ÇELEMLİ KÖYÜ,01415,TK,TK
854,ADANA,YÜREĞİR,MERKEZKÖYLER,ÇORLU KÖYÜ,01415,TK,TK
855,ADANA,YÜREĞİR,MERKEZKÖYLER,GÜVELOĞLU KÖYÜ,01415,TK,TK
856,ADANA,YÜREĞİR,MERKEZKÖYLER,KAŞLICA KÖYÜ,01415,TK,TK
857,ADANA,YÜREĞİR,MERKEZKÖYLER,RANAKÖY KÖYÜ,01415,TK,TK
858,ADANA,YÜREĞİR,MERKEZKÖYLER,VAYVAYLI KÖYÜ,01415,TK,TK
859,ADANA,YÜREĞİR,PTTEVLERİ,DADALOĞLU MAH.,01240,TK,TK
860,ADANA,YÜREĞİR,PTTEVLERİ,KARACAOĞLAN MAH.,01240,TK,TK
861,ADANA,YÜREĞİR,PTTEVLERİ,PTTEVLERİ MAH.,01240,TK,TK
862,ADANA,YÜREĞİR,PTTEVLERİ,SELAHATTİNEYYUBİ MAH.,01240,TK,TK
863,ADANA,YÜREĞİR,PTTEVLERİ,SERİNEVLER MAH.,01240,TK,TK
864,ADANA,YÜREĞİR,PTTEVLERİ,TAHSİLLİ MAH.,01240,TK,TK
865,ADANA,YÜREĞİR,YAKAPINAR,BAKLALI KÖYÜ,01350,TK,TK
866,ADANA,YÜREĞİR,YAKAPINAR,ÇELEMLİ MAH.,01350,TK,TK
867,ADANA,YÜREĞİR,YAKAPINAR,ESKİMİSİS MAH.,01350,TK,TK
868,ADANA,YÜREĞİR,YAKAPINAR,YAKAPINAR MAH.,01350,TK,TK
869,ADANA,YÜREĞİR,YAKAPINAR,YAKAPINAR OSB,01350,TK,TK
870,ADANA,YÜREĞİR,YAMAÇLI,HAYDAROĞLU MAH.,01390,TK,TK
871,ADANA,YÜREĞİR,YAMAÇLI,SEYHAN MAH.,01390,TK,TK
872,ADANA,YÜREĞİR,YAMAÇLI,YAMAÇLI MAH.,01390,TK,TK
873,ADANA,YÜREĞİR,YAVUZLAR,AKINCILAR MAH.,01220,TK,TK
874,ADANA,YÜREĞİR,YAVUZLAR,SİNANPAŞA MAH.,01220,TK,TK
875,ADANA,YÜREĞİR,YAVUZLAR,YAVUZLAR MAH.,01220,TK,TK
876,ADIYAMAN,ADIYAMAN,AKPINAR,AKDERE KÖYÜ,02230,TK,TK
877,ADIYAMAN,ADIYAMAN,AKPINAR,AKYAZI KÖYÜ,02230,TK,TK
878,ADIYAMAN,ADIYAMAN,AKPINAR,BATTALHÜYÜK KÖYÜ,02230,TK,TK
879,ADIYAMAN,ADIYAMAN,AKPINAR,BEBEK KÖYÜ,02230,TK,TK
880,ADIYAMAN,ADIYAMAN,AKPINAR,ÇAMGAZİ KÖYÜ,02230,TK,TK
881,ADIYAMAN,ADIYAMAN,AKPINAR,DOYRAN KÖYÜ,02230,TK,TK
882,ADIYAMAN,ADIYAMAN,AKPINAR,DURAK KÖYÜ,02230,TK,TK
883,ADIYAMAN,ADIYAMAN,AKPINAR,EKİNCİ KÖYÜ,02230,TK,TK
884,ADIYAMAN,ADIYAMAN,AKPINAR,ELMACIK KÖYÜ,02230,TK,TK
885,ADIYAMAN,ADIYAMAN,AKPINAR,GÜMÜŞKAYA KÖYÜ,02230,TK,TK
886,ADIYAMAN,ADIYAMAN,AKPINAR,ILICAK KÖYÜ,02230,TK,TK
887,ADIYAMAN,ADIYAMAN,AKPINAR,KAYALI KÖYÜ,02230,TK,TK
888,ADIYAMAN,ADIYAMAN,AKPINAR,KIZILCAHÖYÜK KÖYÜ,02230,TK,TK
889,ADIYAMAN,ADIYAMAN,AKPINAR,KUYULU KÖYÜ,02230,TK,TK
890,ADIYAMAN,ADIYAMAN,AKPINAR,KÜLAFHÜYÜK KÖYÜ,02230,TK,TK
891,ADIYAMAN,ADIYAMAN,AKPINAR,MALPINARI KÖYÜ,02230,TK,TK
892,ADIYAMAN,ADIYAMAN,AKPINAR,MERKEZ MAH.,02230,TK,TK
893,ADIYAMAN,ADIYAMAN,AKPINAR,UĞURCA KÖYÜ,02230,TK,TK
894,ADIYAMAN,ADIYAMAN,AKPINAR,ÜÇDİREK KÖYÜ,02230,TK,TK
895,ADIYAMAN,ADIYAMAN,AKPINAR,YAYLADAMI KÖYÜ,02230,TK,TK
896,ADIYAMAN,ADIYAMAN,AKPINAR,YEŞİLOVA KÖYÜ,02230,TK,TK
897,ADIYAMAN,ADIYAMAN,ESKİSARAY,BAHÇELİEVLER MAH.,02100,TK,TK
898,ADIYAMAN,ADIYAMAN,ESKİSARAY,ESKİSARAY MAH.,02100,TK,TK
899,ADIYAMAN,ADIYAMAN,ESKİSARAY,HOCAÖMER MAH.,02100,TK,TK
900,ADIYAMAN,ADIYAMAN,ESKİSARAY,KAPCAMİ MAH.,02100,TK,TK
901,ADIYAMAN,ADIYAMAN,ESKİSARAY,MUSALLA MAH.,02100,TK,TK
902,ADIYAMAN,ADIYAMAN,ESKİSARAY,SIRATUT MAH.,02100,TK,TK
903,ADIYAMAN,ADIYAMAN,ESKİSARAY,VARLIK MAH.,02100,TK,TK
904,ADIYAMAN,ADIYAMAN,ESKİSARAY,YENİPINAR MAH.,02100,TK,TK
905,ADIYAMAN,ADIYAMAN,ESKİSARAY,YUNUSEMRE MAH.,02100,TK,TK
906,ADIYAMAN,ADIYAMAN,İMAMAĞA,BAHÇECİK MAH.,02200,TK,TK
907,ADIYAMAN,ADIYAMAN,İMAMAĞA,FATİH MAH.,02200,TK,TK
908,ADIYAMAN,ADIYAMAN,İMAMAĞA,İMAMAĞA MAH.,02200,TK,TK
909,ADIYAMAN,ADIYAMAN,İMAMAĞA,KAYALIK MAH.,02200,TK,TK
910,ADIYAMAN,ADIYAMAN,İMAMAĞA,MALAZGİRT MAH.,02200,TK,TK
911,ADIYAMAN,ADIYAMAN,İMAMAĞA,MEHMETAKİFERSOY MAH.,02200,TK,TK
912,ADIYAMAN,ADIYAMAN,İMAMAĞA,ÖRENLİ MAH.,02200,TK,TK
913,ADIYAMAN,ADIYAMAN,İMAMAĞA,SİTELER MAH.,02200,TK,TK
914,ADIYAMAN,ADIYAMAN,İMAMAĞA,TURGUTREİS MAH.,02200,TK,TK
915,ADIYAMAN,ADIYAMAN,İMAMAĞA,YEŞİLYURT MAH.,02200,TK,TK
916,ADIYAMAN,ADIYAMAN,KÖMÜR,BAHÇELİEVLER MAH.,02290,TK,TK
917,ADIYAMAN,ADIYAMAN,KÖMÜR,CUMHURİYET MAH.,02290,TK,TK
918,ADIYAMAN,ADIYAMAN,KÖMÜR,ESENCE MAH.,02290,TK,TK
919,ADIYAMAN,ADIYAMAN,KÖMÜR,GAZİ MAH.,02290,TK,TK
920,ADIYAMAN,ADIYAMAN,KÖMÜR,HASANKAN MAH.,02290,TK,TK
921,ADIYAMAN,ADIYAMAN,KÖMÜR,HÜRRİYET MAH.,02290,TK,TK
922,ADIYAMAN,ADIYAMAN,KÖMÜR,KÖMÜR KÖYÜ,02290,TK,TK
923,ADIYAMAN,ADIYAMAN,KÖMÜR,MUSTAFAYÜCELÖZBİLGİN MAH.,02290,TK,TK
924,ADIYAMAN,ADIYAMAN,KÖMÜR,SERİNTEPE MAH.,02290,TK,TK
925,ADIYAMAN,ADIYAMAN,KÖMÜR,YAKACIK MAH.,02290,TK,TK
926,ADIYAMAN,ADIYAMAN,KÖMÜR,YEŞİLYURT MAH.,02290,TK,TK
927,ADIYAMAN,ADIYAMAN,KUYUCAK,AĞAÇKONAK KÖYÜ,02240,TK,TK
928,ADIYAMAN,ADIYAMAN,KUYUCAK,BOĞAZÖZÜ KÖYÜ,02240,TK,TK
929,ADIYAMAN,ADIYAMAN,KUYUCAK,ÇAMLICA KÖYÜ,02240,TK,TK
930,ADIYAMAN,ADIYAMAN,KUYUCAK,DERİNSU KÖYÜ,02240,TK,TK
931,ADIYAMAN,ADIYAMAN,KUYUCAK,ESENCE KÖYÜ,02240,TK,TK
932,ADIYAMAN,ADIYAMAN,KUYUCAK,KAŞKÖY KÖYÜ,02240,TK,TK
933,ADIYAMAN,ADIYAMAN,KUYUCAK,KAYADİBİ KÖYÜ,02240,TK,TK
934,ADIYAMAN,ADIYAMAN,KUYUCAK,KAYATEPE KÖYÜ,02240,TK,TK
935,ADIYAMAN,ADIYAMAN,KUYUCAK,KOZAN KÖYÜ,02240,TK,TK
936,ADIYAMAN,ADIYAMAN,KUYUCAK,MERKEZ MAH.,02240,TK,TK
937,ADIYAMAN,ADIYAMAN,KUYUCAK,OLGUNLAR KÖYÜ,02240,TK,TK
938,ADIYAMAN,ADIYAMAN,KUYUCAK,ORMANİÇİ KÖYÜ,02240,TK,TK
939,ADIYAMAN,ADIYAMAN,KUYUCAK,PALANLI KÖYÜ,02240,TK,TK
940,ADIYAMAN,ADIYAMAN,KUYUCAK,PINARYAYLA KÖYÜ,02240,TK,TK
941,ADIYAMAN,ADIYAMAN,KUYUCAK,TAŞGEDİK KÖYÜ,02240,TK,TK
942,ADIYAMAN,ADIYAMAN,KUYUCAK,VARLIK KÖYÜ,02240,TK,TK
943,ADIYAMAN,ADIYAMAN,KUYUCAK,YEDİOLUK KÖYÜ,02240,TK,TK
944,ADIYAMAN,ADIYAMAN,MERKEZKÖYLER,AHMETHOCA KÖYÜ,02000,TK,TK
945,ADIYAMAN,ADIYAMAN,MERKEZKÖYLER,AKHİSAR KÖYÜ,02000,TK,TK
946,ADIYAMAN,ADIYAMAN,MERKEZKÖYLER,ALİBEY KÖYÜ,02000,TK,TK
947,ADIYAMAN,ADIYAMAN,MERKEZKÖYLER,ARDIÇOLUK KÖYÜ,02000,TK,TK
948,ADIYAMAN,ADIYAMAN,MERKEZKÖYLER,ATAKENT KÖYÜ,02000,TK,TK
949,ADIYAMAN,ADIYAMAN,MERKEZKÖYLER,ATAKÖY KÖYÜ,02000,TK,TK
950,ADIYAMAN,ADIYAMAN,MERKEZKÖYLER,AYDINLAR KÖYÜ,02000,TK,TK
951,ADIYAMAN,ADIYAMAN,MERKEZKÖYLER,BAĞDERE KÖYÜ,02000,TK,TK
952,ADIYAMAN,ADIYAMAN,MERKEZKÖYLER,BAŞPINAR KÖYÜ,02000,TK,TK
953,ADIYAMAN,ADIYAMAN,MERKEZKÖYLER,BOZTEPE KÖYÜ,02000,TK,TK
954,ADIYAMAN,ADIYAMAN,MERKEZKÖYLER,BÖRGENEK KÖYÜ,02000,TK,TK
955,ADIYAMAN,ADIYAMAN,MERKEZKÖYLER,BÜKLÜM KÖYÜ,02000,TK,TK
956,ADIYAMAN,ADIYAMAN,MERKEZKÖYLER,BÜYÜKKAVAKLI KÖYÜ,02000,TK,TK
957,ADIYAMAN,ADIYAMAN,MERKEZKÖYLER,BÜYÜKKIRIKLI KÖYÜ,02000,TK,TK
958,ADIYAMAN,ADIYAMAN,MERKEZKÖYLER,ÇAMYURDU KÖYÜ,02000,TK,TK
959,ADIYAMAN,ADIYAMAN,MERKEZKÖYLER,ÇAYIRLI KÖYÜ,02000,TK,TK
960,ADIYAMAN,ADIYAMAN,MERKEZKÖYLER,ÇEMBERLİTAŞ KÖYÜ,02000,TK,TK
961,ADIYAMAN,ADIYAMAN,MERKEZKÖYLER,DANDIRMAZ KÖYÜ,02000,TK,TK
962,ADIYAMAN,ADIYAMAN,MERKEZKÖYLER,DARDAĞAN KÖYÜ,02000,TK,TK
963,ADIYAMAN,ADIYAMAN,MERKEZKÖYLER,DAVUTHAN KÖYÜ,02000,TK,TK
964,ADIYAMAN,ADIYAMAN,MERKEZKÖYLER,DİŞBUDAK KÖYÜ,02000,TK,TK
965,ADIYAMAN,ADIYAMAN,MERKEZKÖYLER,DURUKAYNAK KÖYÜ,02000,TK,TK
966,ADIYAMAN,ADIYAMAN,MERKEZKÖYLER,DÜZCE KÖYÜ,02000,TK,TK
967,ADIYAMAN,ADIYAMAN,MERKEZKÖYLER,ESKİHÜSNÜMANSUR KÖYÜ,02000,TK,TK
968,ADIYAMAN,ADIYAMAN,MERKEZKÖYLER,GÖLPINAR KÖYÜ,02000,TK,TK
969,ADIYAMAN,ADIYAMAN,MERKEZKÖYLER,GÖZEBAŞI KÖYÜ,02000,TK,TK
970,ADIYAMAN,ADIYAMAN,MERKEZKÖYLER,GÖZTEPE KÖYÜ,02000,TK,TK
971,ADIYAMAN,ADIYAMAN,MERKEZKÖYLER,GÜNEŞLİ KÖYÜ,02000,TK,TK
972,ADIYAMAN,ADIYAMAN,MERKEZKÖYLER,GÜZELYURT KÖYÜ,02000,TK,TK
973,ADIYAMAN,ADIYAMAN,MERKEZKÖYLER,HASANCIK KÖYÜ,02000,TK,TK
974,ADIYAMAN,ADIYAMAN,MERKEZKÖYLER,HASANKENDİ KÖYÜ,02000,TK,TK
975,ADIYAMAN,ADIYAMAN,MERKEZKÖYLER,İNCEBAĞ KÖYÜ,02000,TK,TK
976,ADIYAMAN,ADIYAMAN,MERKEZKÖYLER,İNCELER KÖYÜ,02000,TK,TK
977,ADIYAMAN,ADIYAMAN,MERKEZKÖYLER,İNDERE KÖYÜ,02000,TK,TK
978,ADIYAMAN,ADIYAMAN,MERKEZKÖYLER,İPEKLİ KÖYÜ,02000,TK,TK
979,ADIYAMAN,ADIYAMAN,MERKEZKÖYLER,KARAAĞAÇ KÖYÜ,02000,TK,TK
980,ADIYAMAN,ADIYAMAN,MERKEZKÖYLER,KARAGÖL KÖYÜ,02000,TK,TK
981,ADIYAMAN,ADIYAMAN,MERKEZKÖYLER,KARAHÜYÜK KÖYÜ,02000,TK,TK
982,ADIYAMAN,ADIYAMAN,MERKEZKÖYLER,KAVAK KÖYÜ,02000,TK,TK
983,ADIYAMAN,ADIYAMAN,MERKEZKÖYLER,KAYACIK KÖYÜ,02000,TK,TK
984,ADIYAMAN,ADIYAMAN,MERKEZKÖYLER,KAYAÖNÜ KÖYÜ,02000,TK,TK
985,ADIYAMAN,ADIYAMAN,MERKEZKÖYLER,KEMERKAYA KÖYÜ,02000,TK,TK
986,ADIYAMAN,ADIYAMAN,MERKEZKÖYLER,KINDIRALİ KÖYÜ,02000,TK,TK
987,ADIYAMAN,ADIYAMAN,MERKEZKÖYLER,KIZILCAPINAR KÖYÜ,02000,TK,TK
988,ADIYAMAN,ADIYAMAN,MERKEZKÖYLER,KORUKÖY KÖYÜ,02000,TK,TK
989,ADIYAMAN,ADIYAMAN,MERKEZKÖYLER,KUŞTEPE KÖYÜ,02000,TK,TK
990,ADIYAMAN,ADIYAMAN,MERKEZKÖYLER,LOKMAN KÖYÜ,02000,TK,TK
991,ADIYAMAN,ADIYAMAN,MERKEZKÖYLER,OLUKLU KÖYÜ,02000,TK,TK
992,ADIYAMAN,ADIYAMAN,MERKEZKÖYLER,PAŞAMEZRASI KÖYÜ,02000,TK,TK
993,ADIYAMAN,ADIYAMAN,MERKEZKÖYLER,PAYAMLI KÖYÜ,02000,TK,TK
994,ADIYAMAN,ADIYAMAN,MERKEZKÖYLER,SARIHARMAN KÖYÜ,02000,TK,TK
995,ADIYAMAN,ADIYAMAN,MERKEZKÖYLER,SERHATLI KÖYÜ,02000,TK,TK
996,ADIYAMAN,ADIYAMAN,MERKEZKÖYLER,ŞEREFLİ KÖYÜ,02000,TK,TK
997,ADIYAMAN,ADIYAMAN,MERKEZKÖYLER,TAŞPINAR KÖYÜ,02000,TK,TK
998,ADIYAMAN,ADIYAMAN,MERKEZKÖYLER,TEKPINAR KÖYÜ,02000,TK,TK
999,ADIYAMAN,ADIYAMAN,MERKEZKÖYLER,TOPTEPE KÖYÜ,02000,TK,TK
1000,ADIYAMAN,ADIYAMAN,MERKEZKÖYLER,ULUBABA KÖYÜ,02000,TK,TK
1001,ADIYAMAN,ADIYAMAN,MERKEZKÖYLER,ULUDAM KÖYÜ,02000,TK,TK
1002,ADIYAMAN,ADIYAMAN,MERKEZKÖYLER,UZUNPINAR KÖYÜ,02000,TK,TK
1003,ADIYAMAN,ADIYAMAN,MERKEZKÖYLER,YARMAKAYA KÖYÜ,02000,TK,TK
1004,ADIYAMAN,ADIYAMAN,MERKEZKÖYLER,YENİCE KÖYÜ,02000,TK,TK
1005,ADIYAMAN,ADIYAMAN,MERKEZKÖYLER,YENİGÜVEN KÖYÜ,02000,TK,TK
1006,ADIYAMAN,ADIYAMAN,MERKEZKÖYLER,YENİKÖY KÖYÜ,02000,TK,TK
1007,ADIYAMAN,ADIYAMAN,MERKEZKÖYLER,YEŞİLTEPE KÖYÜ,02000,TK,TK
1008,ADIYAMAN,ADIYAMAN,MERKEZKÖYLER,ZİYARETPAYAMLI KÖYÜ,02000,TK,TK
1009,ADIYAMAN,ADIYAMAN,SÜMEREVLER,ALİTAŞI MAH.,02030,TK,TK
1010,ADIYAMAN,ADIYAMAN,SÜMEREVLER,MARA MAH.,02030,TK,TK
1011,ADIYAMAN,ADIYAMAN,SÜMEREVLER,SÜMEREVLER MAH.,02030,TK,TK
1012,ADIYAMAN,ADIYAMAN,SÜMEREVLER,ULUCAMİ MAH.,02030,TK,TK
1013,ADIYAMAN,ADIYAMAN,YAYLAKONAK,ÇATDERESİ MAH.,02270,TK,TK
1014,ADIYAMAN,ADIYAMAN,YAYLAKONAK,ÇİMENKE MAH.,02270,TK,TK
1015,ADIYAMAN,ADIYAMAN,YAYLAKONAK,İNCEKOZ MAH.,02270,TK,TK
1016,ADIYAMAN,ADIYAMAN,YAYLAKONAK,KARAÇALI MAH.,02270,TK,TK
1017,ADIYAMAN,ADIYAMAN,YAYLAKONAK,MERKEZ MAH.,02270,TK,TK
1018,ADIYAMAN,ADIYAMAN,YAYLAKONAK,YÜNLÜCE MAH.,02270,TK,TK
1019,ADIYAMAN,ADIYAMAN,YENİSANAYİ,ALTINŞEHİR MAH.,02040,TK,TK
1020,ADIYAMAN,ADIYAMAN,YENİSANAYİ,BARBAROSHAYRETTİN MAH.,02040,TK,TK
1021,ADIYAMAN,ADIYAMAN,YENİSANAYİ,CUMHURİYET MAH.,02040,TK,TK
1022,ADIYAMAN,ADIYAMAN,YENİSANAYİ,ESENTEPE MAH.,02040,TK,TK
1023,ADIYAMAN,ADIYAMAN,YENİSANAYİ,KARAPINAR MAH.,02040,TK,TK
1024,ADIYAMAN,ADIYAMAN,YENİSANAYİ,MİMARSİNAN MAH.,02040,TK,TK
1025,ADIYAMAN,ADIYAMAN,YENİSANAYİ,PETROL MAH.,02040,TK,TK
1026,ADIYAMAN,ADIYAMAN,YENİSANAYİ,PETROL OSB,02040,TK,TK
1027,ADIYAMAN,ADIYAMAN,YENİSANAYİ,YAVUZSELİM MAH.,02040,TK,TK
1028,ADIYAMAN,ADIYAMAN,YENİSANAYİ,YENİ MAH.,02040,TK,TK
1029,ADIYAMAN,ADIYAMAN,YENİSANAYİ,YENİSANAYİ MAH.,02040,TK,TK
1030,ADIYAMAN,BESNİ,BESNİ,AŞAĞISARHAN MAH.,02300,TK,TK
1031,ADIYAMAN,BESNİ,BESNİ,CİRİTMEYDAN MAH.,02300,TK,TK
1032,ADIYAMAN,BESNİ,BESNİ,ÇAT MAH.,02300,TK,TK
1033,ADIYAMAN,BESNİ,BESNİ,DUMLUPINAR MAH.,02300,TK,TK
1034,ADIYAMAN,BESNİ,BESNİ,ERDEMOĞLU MAH.,02300,TK,TK
1035,ADIYAMAN,BESNİ,BESNİ,KAYMAKAMHASANTÜTÜN MAH.,02300,TK,TK
1036,ADIYAMAN,BESNİ,BESNİ,KORUPINAR MAH.,02300,TK,TK
1037,ADIYAMAN,BESNİ,BESNİ,PINARBAŞI MAH.,02300,TK,TK
1038,ADIYAMAN,BESNİ,BESNİ,PINARBAŞI OSB,02300,TK,TK
1039,ADIYAMAN,BESNİ,BESNİ,YENİBESNİ MAH.,02300,TK,TK
1040,ADIYAMAN,BESNİ,BESNİ,YUKARISARHAN MAH.,02300,TK,TK
1041,ADIYAMAN,BESNİ,ÇAKIRHÜYÜK,ABIMISTIK MAH.,02320,TK,TK
1042,ADIYAMAN,BESNİ,ÇAKIRHÜYÜK,BOYBEYPINARI MAH.,02320,TK,TK
1043,ADIYAMAN,BESNİ,ÇAKIRHÜYÜK,KÖPRÜBAŞI MAH.,02320,TK,TK
1044,ADIYAMAN,BESNİ,ÇAKIRHÜYÜK,LEVZİN MAH.,02320,TK,TK
1045,ADIYAMAN,BESNİ,ÇAKIRHÜYÜK,YEŞİLOVA MAH.,02320,TK,TK
1046,ADIYAMAN,BESNİ,KESMETEPE,ATATÜRK MAH.,02346,TK,TK
1047,ADIYAMAN,BESNİ,KESMETEPE,ÇAKMAK MAH.,02346,TK,TK
1048,ADIYAMAN,BESNİ,KESMETEPE,FATİH MAH.,02346,TK,TK
1049,ADIYAMAN,BESNİ,KESMETEPE,İNCE MAH.,02346,TK,TK
1050,ADIYAMAN,BESNİ,KESMETEPE,İNÖNÜ MAH.,02346,TK,TK
1051,ADIYAMAN,BESNİ,KESMETEPE,TURGUTÖZAL MAH.,02346,TK,TK
1052,ADIYAMAN,BESNİ,KÖSECELİ,CUMHURİYET MAH.,02348,TK,TK
1053,ADIYAMAN,BESNİ,KÖSECELİ,HÜRRİYET MAH.,02348,TK,TK
1054,ADIYAMAN,BESNİ,KÖSECELİ,TETİRLİ MAH.,02348,TK,TK
1055,ADIYAMAN,BESNİ,MERKEZKÖYLER,AKDURAK KÖYÜ,02300,TK,TK
1056,ADIYAMAN,BESNİ,MERKEZKÖYLER,AKKUYU KÖYÜ,02300,TK,TK
1057,ADIYAMAN,BESNİ,MERKEZKÖYLER,AKPINAR KÖYÜ,02300,TK,TK
1058,ADIYAMAN,BESNİ,MERKEZKÖYLER,AKTEPE KÖYÜ,02300,TK,TK
1059,ADIYAMAN,BESNİ,MERKEZKÖYLER,AKYAZI KÖYÜ,02300,TK,TK
1060,ADIYAMAN,BESNİ,MERKEZKÖYLER,ALIÇLI KÖYÜ,02300,TK,TK
1061,ADIYAMAN,BESNİ,MERKEZKÖYLER,ALİŞAR KÖYÜ,02300,TK,TK
1062,ADIYAMAN,BESNİ,MERKEZKÖYLER,AŞAĞIÇÖPLÜ KÖYÜ,02300,TK,TK
1063,ADIYAMAN,BESNİ,MERKEZKÖYLER,AŞAĞISÖĞÜTLÜ KÖYÜ,02300,TK,TK
1064,ADIYAMAN,BESNİ,MERKEZKÖYLER,ATMALI KÖYÜ,02300,TK,TK
1065,ADIYAMAN,BESNİ,MERKEZKÖYLER,BAHRİ KÖYÜ,02300,TK,TK
1066,ADIYAMAN,BESNİ,MERKEZKÖYLER,BAŞLI KÖYÜ,02300,TK,TK
1067,ADIYAMAN,BESNİ,MERKEZKÖYLER,BEREKETLİ KÖYÜ,02300,TK,TK
1068,ADIYAMAN,BESNİ,MERKEZKÖYLER,BEŞKOZ KÖYÜ,02300,TK,TK
1069,ADIYAMAN,BESNİ,MERKEZKÖYLER,BEŞYOL KÖYÜ,02300,TK,TK
1070,ADIYAMAN,BESNİ,MERKEZKÖYLER,BONCUK KÖYÜ,02300,TK,TK
1071,ADIYAMAN,BESNİ,MERKEZKÖYLER,BURUNÇAYIR KÖYÜ,02300,TK,TK
1072,ADIYAMAN,BESNİ,MERKEZKÖYLER,ÇAMLICA KÖYÜ,02300,TK,TK
1073,ADIYAMAN,BESNİ,MERKEZKÖYLER,ÇAMUŞÇU KÖYÜ,02300,TK,TK
1074,ADIYAMAN,BESNİ,MERKEZKÖYLER,ÇAYKARA KÖYÜ,02300,TK,TK
1075,ADIYAMAN,BESNİ,MERKEZKÖYLER,ÇİLBOĞAZ KÖYÜ,02300,TK,TK
1076,ADIYAMAN,BESNİ,MERKEZKÖYLER,ÇOMAK KÖYÜ,02300,TK,TK
1077,ADIYAMAN,BESNİ,MERKEZKÖYLER,ÇORAK KÖYÜ,02300,TK,TK
1078,ADIYAMAN,BESNİ,MERKEZKÖYLER,DİKİLİTAŞ KÖYÜ,02300,TK,TK
1079,ADIYAMAN,BESNİ,MERKEZKÖYLER,DOĞANKAYA KÖYÜ,02300,TK,TK
1080,ADIYAMAN,BESNİ,MERKEZKÖYLER,DÖRTYOL KÖYÜ,02300,TK,TK
1081,ADIYAMAN,BESNİ,MERKEZKÖYLER,EĞERLİ KÖYÜ,02300,TK,TK
1082,ADIYAMAN,BESNİ,MERKEZKÖYLER,GEÇİTLİ KÖYÜ,02300,TK,TK
1083,ADIYAMAN,BESNİ,MERKEZKÖYLER,GÜMÜŞLÜ KÖYÜ,02300,TK,TK
1084,ADIYAMAN,BESNİ,MERKEZKÖYLER,GÜNEYKAŞ KÖYÜ,02300,TK,TK
1085,ADIYAMAN,BESNİ,MERKEZKÖYLER,GÜZELYURT KÖYÜ,02300,TK,TK
1086,ADIYAMAN,BESNİ,MERKEZKÖYLER,HACIHALİL KÖYÜ,02300,TK,TK
1087,ADIYAMAN,BESNİ,MERKEZKÖYLER,HARMANARDI KÖYÜ,02300,TK,TK
1088,ADIYAMAN,BESNİ,MERKEZKÖYLER,HASANLI KÖYÜ,02300,TK,TK
1089,ADIYAMAN,BESNİ,MERKEZKÖYLER,KARAGÜVEÇ KÖYÜ,02300,TK,TK
1090,ADIYAMAN,BESNİ,MERKEZKÖYLER,KARALAR KÖYÜ,02300,TK,TK
1091,ADIYAMAN,BESNİ,MERKEZKÖYLER,KARGALI KÖYÜ,02300,TK,TK
1092,ADIYAMAN,BESNİ,MERKEZKÖYLER,KESECİK KÖYÜ,02300,TK,TK
1093,ADIYAMAN,BESNİ,MERKEZKÖYLER,KIZILHİSAR KÖYÜ,02300,TK,TK
1094,ADIYAMAN,BESNİ,MERKEZKÖYLER,KIZILİN KÖYÜ,02300,TK,TK
1095,ADIYAMAN,BESNİ,MERKEZKÖYLER,KIZILKAYA KÖYÜ,02300,TK,TK
1096,ADIYAMAN,BESNİ,MERKEZKÖYLER,KIZILPINAR KÖYÜ,02300,TK,TK
1097,ADIYAMAN,BESNİ,MERKEZKÖYLER,KONUKLU KÖYÜ,02300,TK,TK
1098,ADIYAMAN,BESNİ,MERKEZKÖYLER,KURUGÖL KÖYÜ,02300,TK,TK
1099,ADIYAMAN,BESNİ,MERKEZKÖYLER,KUTLUCA KÖYÜ,02300,TK,TK
1100,ADIYAMAN,BESNİ,MERKEZKÖYLER,KUZEVLER KÖYÜ,02300,TK,TK
1101,ADIYAMAN,BESNİ,MERKEZKÖYLER,OYALI KÖYÜ,02300,TK,TK
1102,ADIYAMAN,BESNİ,MERKEZKÖYLER,OYRATLI KÖYÜ,02300,TK,TK
1103,ADIYAMAN,BESNİ,MERKEZKÖYLER,ÖREN KÖYÜ,02300,TK,TK
1104,ADIYAMAN,BESNİ,MERKEZKÖYLER,PINARBAŞI KÖYÜ,02300,TK,TK
1105,ADIYAMAN,BESNİ,MERKEZKÖYLER,SARIKAYA KÖYÜ,02300,TK,TK
1106,ADIYAMAN,BESNİ,MERKEZKÖYLER,SARIYAPRAK KÖYÜ,02300,TK,TK
1107,ADIYAMAN,BESNİ,MERKEZKÖYLER,SAYÖREN KÖYÜ,02300,TK,TK
1108,ADIYAMAN,BESNİ,MERKEZKÖYLER,SUGÖZÜ KÖYÜ,02300,TK,TK
1109,ADIYAMAN,BESNİ,MERKEZKÖYLER,TAŞLIYAZI KÖYÜ,02300,TK,TK
1110,ADIYAMAN,BESNİ,MERKEZKÖYLER,TEKAĞAÇ KÖYÜ,02300,TK,TK
1111,ADIYAMAN,BESNİ,MERKEZKÖYLER,TOKAR KÖYÜ,02300,TK,TK
1112,ADIYAMAN,BESNİ,MERKEZKÖYLER,TOKLU KÖYÜ,02300,TK,TK
1113,ADIYAMAN,BESNİ,MERKEZKÖYLER,TOPKAPI KÖYÜ,02300,TK,TK
1114,ADIYAMAN,BESNİ,MERKEZKÖYLER,UZUNKUYU KÖYÜ,02300,TK,TK
1115,ADIYAMAN,BESNİ,MERKEZKÖYLER,ÜÇGÖZ KÖYÜ,02300,TK,TK
1116,ADIYAMAN,BESNİ,MERKEZKÖYLER,YAZIBEYDİLİ KÖYÜ,02300,TK,TK
1117,ADIYAMAN,BESNİ,MERKEZKÖYLER,YAZIKARAKUYU KÖYÜ,02300,TK,TK
1118,ADIYAMAN,BESNİ,MERKEZKÖYLER,YELBASTI KÖYÜ,02300,TK,TK
1119,ADIYAMAN,BESNİ,MERKEZKÖYLER,YENİKÖY KÖYÜ,02300,TK,TK
1120,ADIYAMAN,BESNİ,MERKEZKÖYLER,YOLDÜZÜ KÖYÜ,02300,TK,TK
1121,ADIYAMAN,BESNİ,MERKEZKÖYLER,YUKARISÖĞÜTLÜ KÖYÜ,02300,TK,TK
1122,ADIYAMAN,BESNİ,SUVARLI,ADALET MAH.,02330,TK,TK
1123,ADIYAMAN,BESNİ,SUVARLI,CUMHURİYET MAH.,02330,TK,TK
1124,ADIYAMAN,BESNİ,SUVARLI,HÜRRİYET MAH.,02330,TK,TK
1125,ADIYAMAN,BESNİ,ŞAMBAYAT,BAYAT MAH.,02340,TK,TK
1126,ADIYAMAN,BESNİ,ŞAMBAYAT,CUMHURİYET MAH.,02340,TK,TK
1127,ADIYAMAN,BESNİ,ŞAMBAYAT,FATİH MAH.,02340,TK,TK
1128,ADIYAMAN,BESNİ,ŞAMBAYAT,İNÖNÜ MAH.,02340,TK,TK
1129,ADIYAMAN,BESNİ,ŞAMBAYAT,MENDERES MAH.,02340,TK,TK
1130,ADIYAMAN,BESNİ,ŞAMBAYAT,YENİ MAH.,02340,TK,TK
1131,ADIYAMAN,ÇELİKHAN,ÇELİKHAN,BAHÇELİEVLER MAH.,02600,TK,TK
1132,ADIYAMAN,ÇELİKHAN,ÇELİKHAN,BAŞPINAR MAH.,02600,TK,TK
1133,ADIYAMAN,ÇELİKHAN,ÇELİKHAN,CAMİ MAH.,02600,TK,TK
1134,ADIYAMAN,ÇELİKHAN,ÇELİKHAN,CUMHURİYET MAH.,02600,TK,TK
1135,ADIYAMAN,ÇELİKHAN,ÇELİKHAN,FATİH MAH.,02600,TK,TK
1136,ADIYAMAN,ÇELİKHAN,ÇELİKHAN,MAHMUTNEDİMÖKMEN MAH.,02600,TK,TK
1137,ADIYAMAN,ÇELİKHAN,ÇELİKHAN,MERKEZ MAH.,02600,TK,TK
1138,ADIYAMAN,ÇELİKHAN,ÇELİKHAN,YUNUSEMRE MAH.,02600,TK,TK
1139,ADIYAMAN,ÇELİKHAN,ÇELİKHAN,ZAFER MAH.,02600,TK,TK
1140,ADIYAMAN,ÇELİKHAN,MERKEZKÖYLER,AKSU KÖYÜ,02600,TK,TK
1141,ADIYAMAN,ÇELİKHAN,MERKEZKÖYLER,ALTINTAŞ KÖYÜ,02600,TK,TK
1142,ADIYAMAN,ÇELİKHAN,MERKEZKÖYLER,BOZGEDİK KÖYÜ,02600,TK,TK
1143,ADIYAMAN,ÇELİKHAN,MERKEZKÖYLER,ÇAMPINAR KÖYÜ,02600,TK,TK
1144,ADIYAMAN,ÇELİKHAN,MERKEZKÖYLER,FATİH KÖYÜ,02600,TK,TK
1145,ADIYAMAN,ÇELİKHAN,MERKEZKÖYLER,GÖLBAĞI KÖYÜ,02600,TK,TK
1146,ADIYAMAN,ÇELİKHAN,MERKEZKÖYLER,İZCİ KÖYÜ,02600,TK,TK
1147,ADIYAMAN,ÇELİKHAN,MERKEZKÖYLER,KALECİK KÖYÜ,02600,TK,TK
1148,ADIYAMAN,ÇELİKHAN,MERKEZKÖYLER,KARAÇAYIR KÖYÜ,02600,TK,TK
1149,ADIYAMAN,ÇELİKHAN,MERKEZKÖYLER,KARAGÖL KÖYÜ,02600,TK,TK
1150,ADIYAMAN,ÇELİKHAN,MERKEZKÖYLER,KORUCAK KÖYÜ,02600,TK,TK
1151,ADIYAMAN,ÇELİKHAN,MERKEZKÖYLER,KÖSEUŞAĞI KÖYÜ,02600,TK,TK
1152,ADIYAMAN,ÇELİKHAN,MERKEZKÖYLER,MUTLU KÖYÜ,02600,TK,TK
1153,ADIYAMAN,ÇELİKHAN,MERKEZKÖYLER,RECEPKÖY KÖYÜ,02600,TK,TK
1154,ADIYAMAN,ÇELİKHAN,MERKEZKÖYLER,TAŞDAMLAR KÖYÜ,02600,TK,TK
1155,ADIYAMAN,ÇELİKHAN,MERKEZKÖYLER,YAĞIZATLI KÖYÜ,02600,TK,TK
1156,ADIYAMAN,ÇELİKHAN,MERKEZKÖYLER,YEŞİLTEPE KÖYÜ,02600,TK,TK
1157,ADIYAMAN,ÇELİKHAN,MERKEZKÖYLER,YEŞİLYAYLA KÖYÜ,02600,TK,TK
1158,ADIYAMAN,ÇELİKHAN,PINARBAŞI,AKTAŞ MAH.,02610,TK,TK
1159,ADIYAMAN,ÇELİKHAN,PINARBAŞI,BALIKBURUN MAH.,02610,TK,TK
1160,ADIYAMAN,ÇELİKHAN,PINARBAŞI,CAMİ MAH.,02610,TK,TK
1161,ADIYAMAN,ÇELİKHAN,PINARBAŞI,ÇAMLIYAYLA MAH.,02610,TK,TK
1162,ADIYAMAN,ÇELİKHAN,PINARBAŞI,HACILAR MAH.,02610,TK,TK
1163,ADIYAMAN,ÇELİKHAN,PINARBAŞI,İNÖNÜ MAH.,02610,TK,TK
1164,ADIYAMAN,ÇELİKHAN,PINARBAŞI,KAYA MAH.,02610,TK,TK
1165,ADIYAMAN,ÇELİKHAN,PINARBAŞI,KURUDERE MAH.,02610,TK,TK
1166,ADIYAMAN,GERGER,GERGER,FATİH MAH.,02700,TK,TK
1167,ADIYAMAN,GERGER,GERGER,KELEŞAN MAH.,02700,TK,TK
1168,ADIYAMAN,GERGER,GERGER,MERKEZ MAH.,02700,TK,TK
1169,ADIYAMAN,GERGER,GERGER,YENİ MAH.,02700,TK,TK
1170,ADIYAMAN,GERGER,MERKEZKÖYLER,AÇMA KÖYÜ,02700,TK,TK
1171,ADIYAMAN,GERGER,MERKEZKÖYLER,AĞAÇLI KÖYÜ,02700,TK,TK
1172,ADIYAMAN,GERGER,MERKEZKÖYLER,AŞAĞIDAĞLICA KÖYÜ,02700,TK,TK
1173,ADIYAMAN,GERGER,MERKEZKÖYLER,BEŞGÖZE KÖYÜ,02700,TK,TK
1174,ADIYAMAN,GERGER,MERKEZKÖYLER,BEYBOSTAN KÖYÜ,02700,TK,TK
1175,ADIYAMAN,GERGER,MERKEZKÖYLER,BUDAKLI KÖYÜ,02700,TK,TK
1176,ADIYAMAN,GERGER,MERKEZKÖYLER,BURÇAKLI KÖYÜ,02700,TK,TK
1177,ADIYAMAN,GERGER,MERKEZKÖYLER,CEVİZPINAR KÖYÜ,02700,TK,TK
1178,ADIYAMAN,GERGER,MERKEZKÖYLER,ÇAMİÇİ KÖYÜ,02700,TK,TK
1179,ADIYAMAN,GERGER,MERKEZKÖYLER,ÇİFTHİSAR KÖYÜ,02700,TK,TK
1180,ADIYAMAN,GERGER,MERKEZKÖYLER,ÇOBANPINARI KÖYÜ,02700,TK,TK
1181,ADIYAMAN,GERGER,MERKEZKÖYLER,DAĞDEVİREN KÖYÜ,02700,TK,TK
1182,ADIYAMAN,GERGER,MERKEZKÖYLER,DALLARCA KÖYÜ,02700,TK,TK
1183,ADIYAMAN,GERGER,MERKEZKÖYLER,DEMİRTAŞ KÖYÜ,02700,TK,TK
1184,ADIYAMAN,GERGER,MERKEZKÖYLER,ESKİKENT KÖYÜ,02700,TK,TK
1185,ADIYAMAN,GERGER,MERKEZKÖYLER,GEÇİTLİ KÖYÜ,02700,TK,TK
1186,ADIYAMAN,GERGER,MERKEZKÖYLER,GÖNEN KÖYÜ,02700,TK,TK
1187,ADIYAMAN,GERGER,MERKEZKÖYLER,GÖZPINAR KÖYÜ,02700,TK,TK
1188,ADIYAMAN,GERGER,MERKEZKÖYLER,GÜMÜŞKAŞIK KÖYÜ,02700,TK,TK
1189,ADIYAMAN,GERGER,MERKEZKÖYLER,GÜNDOĞDU KÖYÜ,02700,TK,TK
1190,ADIYAMAN,GERGER,MERKEZKÖYLER,GÜNGÖRMÜŞ KÖYÜ,02700,TK,TK
1191,ADIYAMAN,GERGER,MERKEZKÖYLER,GÜRGENLİ KÖYÜ,02700,TK,TK
1192,ADIYAMAN,GERGER,MERKEZKÖYLER,GÜZELSU KÖYÜ,02700,TK,TK
1193,ADIYAMAN,GERGER,MERKEZKÖYLER,KAŞYAZI KÖYÜ,02700,TK,TK
1194,ADIYAMAN,GERGER,MERKEZKÖYLER,KESERTAŞ KÖYÜ,02700,TK,TK
1195,ADIYAMAN,GERGER,MERKEZKÖYLER,KILIÇ KÖYÜ,02700,TK,TK
1196,ADIYAMAN,GERGER,MERKEZKÖYLER,KONACIK KÖYÜ,02700,TK,TK
1197,ADIYAMAN,GERGER,MERKEZKÖYLER,KORULU KÖYÜ,02700,TK,TK
1198,ADIYAMAN,GERGER,MERKEZKÖYLER,KOŞARLAR KÖYÜ,02700,TK,TK
1199,ADIYAMAN,GERGER,MERKEZKÖYLER,KÖKLÜCE KÖYÜ,02700,TK,TK
1200,ADIYAMAN,GERGER,MERKEZKÖYLER,KÜTÜKLÜ KÖYÜ,02700,TK,TK
1201,ADIYAMAN,GERGER,MERKEZKÖYLER,NAKIŞLI KÖYÜ,02700,TK,TK
1202,ADIYAMAN,GERGER,MERKEZKÖYLER,ONEVLER KÖYÜ,02700,TK,TK
1203,ADIYAMAN,GERGER,MERKEZKÖYLER,ORTACA KÖYÜ,02700,TK,TK
1204,ADIYAMAN,GERGER,MERKEZKÖYLER,OYMAKLI KÖYÜ,02700,TK,TK
1205,ADIYAMAN,GERGER,MERKEZKÖYLER,SARAYCIK KÖYÜ,02700,TK,TK
1206,ADIYAMAN,GERGER,MERKEZKÖYLER,SEYİTMAHMUT KÖYÜ,02700,TK,TK
1207,ADIYAMAN,GERGER,MERKEZKÖYLER,SUTEPE KÖYÜ,02700,TK,TK
1208,ADIYAMAN,GERGER,MERKEZKÖYLER,TARAKSU(GÖLYURT) KÖYÜ,02700,TK,TK
1209,ADIYAMAN,GERGER,MERKEZKÖYLER,ÜÇKAYA KÖYÜ,02700,TK,TK
1210,ADIYAMAN,GERGER,MERKEZKÖYLER,YAĞMURLU KÖYÜ,02700,TK,TK
1211,ADIYAMAN,GERGER,MERKEZKÖYLER,YAYLADALI KÖYÜ,02700,TK,TK
1212,ADIYAMAN,GERGER,MERKEZKÖYLER,YENİBARDAK KÖYÜ,02700,TK,TK
1213,ADIYAMAN,GERGER,MERKEZKÖYLER,YEŞİLYURT KÖYÜ,02700,TK,TK
1214,ADIYAMAN,GERGER,MERKEZKÖYLER,YUKARIDAĞLICA KÖYÜ,02700,TK,TK
1215,ADIYAMAN,GÖLBAŞI,BALKAR,ASFALT MAH.,02530,TK,TK
1216,ADIYAMAN,GÖLBAŞI,BALKAR,CUMHURİYET MAH.,02530,TK,TK
1217,ADIYAMAN,GÖLBAŞI,BELÖREN,AŞAĞIKARAKUYU KÖYÜ,02540,TK,TK
1218,ADIYAMAN,GÖLBAŞI,BELÖREN,AŞAĞINASIRLI KÖYÜ,02540,TK,TK
1219,ADIYAMAN,GÖLBAŞI,BELÖREN,CUMHURİYET MAH.,02540,TK,TK
1220,ADIYAMAN,GÖLBAŞI,BELÖREN,ÇATALAĞAÇ KÖYÜ,02540,TK,TK
1221,ADIYAMAN,GÖLBAŞI,BELÖREN,ÇELİKKÖY KÖYÜ,02540,TK,TK
1222,ADIYAMAN,GÖLBAŞI,BELÖREN,GEDİKLİ KÖYÜ,02540,TK,TK
1223,ADIYAMAN,GÖLBAŞI,BELÖREN,HAYDARLI KÖYÜ,02540,TK,TK
1224,ADIYAMAN,GÖLBAŞI,BELÖREN,KÖSÜKLÜ KÖYÜ,02540,TK,TK
1225,ADIYAMAN,GÖLBAŞI,BELÖREN,KÜÇÜKÖREN KÖYÜ,02540,TK,TK
1226,ADIYAMAN,GÖLBAŞI,BELÖREN,MERKEZ MAH.,02540,TK,TK
1227,ADIYAMAN,GÖLBAŞI,BELÖREN,YENİKÖY KÖYÜ,02540,TK,TK
1228,ADIYAMAN,GÖLBAŞI,BELÖREN,YUKARINASIRLI KÖYÜ,02540,TK,TK
1229,ADIYAMAN,GÖLBAŞI,GÖLBAŞI,ASFALT MAH.,02500,TK,TK
1230,ADIYAMAN,GÖLBAŞI,GÖLBAŞI,CUMHURİYET MAH.,02500,TK,TK
1231,ADIYAMAN,GÖLBAŞI,GÖLBAŞI,FATİH MAH.,02500,TK,TK
1232,ADIYAMAN,GÖLBAŞI,GÖLBAŞI,HÜRRİYET MAH.,02500,TK,TK
1233,ADIYAMAN,GÖLBAŞI,GÖLBAŞI,KURUGEÇİT MAH.,02500,TK,TK
1234,ADIYAMAN,GÖLBAŞI,GÖLBAŞI,MİMARSİNAN MAH.,02500,TK,TK
1235,ADIYAMAN,GÖLBAŞI,GÖLBAŞI,YAVUZSELİM MAH.,02500,TK,TK
1236,ADIYAMAN,GÖLBAŞI,GÖLBAŞI,YENİ MAH.,02500,TK,TK
1237,ADIYAMAN,GÖLBAŞI,HARMANLI,AKÇABEL KÖYÜ,02520,TK,TK
1238,ADIYAMAN,GÖLBAŞI,HARMANLI,CANKARA KÖYÜ,02520,TK,TK
1239,ADIYAMAN,GÖLBAŞI,HARMANLI,CUMHURİYET MAH.,02520,TK,TK
1240,ADIYAMAN,GÖLBAŞI,HARMANLI,ÇAKMAK MAH.,02520,TK,TK
1241,ADIYAMAN,GÖLBAŞI,HARMANLI,HAMZALAR KÖYÜ,02520,TK,TK
1242,ADIYAMAN,GÖLBAŞI,HARMANLI,KALEMKAS MAH.,02520,TK,TK
1243,ADIYAMAN,GÖLBAŞI,HARMANLI,YAYLACIK KÖYÜ,02520,TK,TK
1244,ADIYAMAN,GÖLBAŞI,HARMANLI,YENİ MAH.,02520,TK,TK
1245,ADIYAMAN,GÖLBAŞI,MERKEZKÖYLER,AKÇAKAYA KÖYÜ,02500,TK,TK
1246,ADIYAMAN,GÖLBAŞI,MERKEZKÖYLER,AKTOPRAK KÖYÜ,02500,TK,TK
1247,ADIYAMAN,GÖLBAŞI,MERKEZKÖYLER,AŞAĞIAZAPLI KÖYÜ,02500,TK,TK
1248,ADIYAMAN,GÖLBAŞI,MERKEZKÖYLER,BAĞLARBAŞI KÖYÜ,02500,TK,TK
1249,ADIYAMAN,GÖLBAŞI,MERKEZKÖYLER,ÇATALTEPE KÖYÜ,02500,TK,TK
1250,ADIYAMAN,GÖLBAŞI,MERKEZKÖYLER,HACILAR KÖYÜ,02500,TK,TK
1251,ADIYAMAN,GÖLBAŞI,MERKEZKÖYLER,KARABAHŞİLİ KÖYÜ,02500,TK,TK
1252,ADIYAMAN,GÖLBAŞI,MERKEZKÖYLER,KARABURUN KÖYÜ,02500,TK,TK
1253,ADIYAMAN,GÖLBAŞI,MERKEZKÖYLER,MEYDANKÖY KÖYÜ,02500,TK,TK
1254,ADIYAMAN,GÖLBAŞI,MERKEZKÖYLER,OZAN KÖYÜ,02500,TK,TK
1255,ADIYAMAN,GÖLBAŞI,MERKEZKÖYLER,ÖRENLİ KÖYÜ,02500,TK,TK
1256,ADIYAMAN,GÖLBAŞI,MERKEZKÖYLER,SAVRAN KÖYÜ,02500,TK,TK
1257,ADIYAMAN,GÖLBAŞI,MERKEZKÖYLER,YARBAŞI KÖYÜ,02500,TK,TK
1258,ADIYAMAN,GÖLBAŞI,MERKEZKÖYLER,YEŞİLOVA KÖYÜ,02500,TK,TK
1259,ADIYAMAN,GÖLBAŞI,MERKEZKÖYLER,YUKARIÇÖPLÜ KÖYÜ,02500,TK,TK
1260,ADIYAMAN,GÖLBAŞI,MERKEZKÖYLER,YUKARIKARAKUYU KÖYÜ,02500,TK,TK
1261,ADIYAMAN,KAHTA,AKINCILAR,ADALI KÖYÜ,02450,TK,TK
1262,ADIYAMAN,KAHTA,AKINCILAR,AKALIN KÖYÜ,02450,TK,TK
1263,ADIYAMAN,KAHTA,AKINCILAR,AKTAŞ KÖYÜ,02450,TK,TK
1264,ADIYAMAN,KAHTA,AKINCILAR,AKYILDIZ KÖYÜ,02450,TK,TK
1265,ADIYAMAN,KAHTA,AKINCILAR,BESELE MAH.,02450,TK,TK
1266,ADIYAMAN,KAHTA,AKINCILAR,BEŞİKLİ KÖYÜ,02450,TK,TK
1267,ADIYAMAN,KAHTA,AKINCILAR,CUMHURİYET KÖYÜ,02450,TK,TK
1268,ADIYAMAN,KAHTA,AKINCILAR,ÇAMLICA KÖYÜ,02450,TK,TK
1269,ADIYAMAN,KAHTA,AKINCILAR,ÇAMLICA MAH.,02450,TK,TK
1270,ADIYAMAN,KAHTA,AKINCILAR,DARDAĞAN KÖYÜ,02450,TK,TK
1271,ADIYAMAN,KAHTA,AKINCILAR,DİKENLİ KÖYÜ,02450,TK,TK
1272,ADIYAMAN,KAHTA,AKINCILAR,DURAK(MENZİL) KÖYÜ,02450,TK,TK
1273,ADIYAMAN,KAHTA,AKINCILAR,ELBEYİ KÖYÜ,02450,TK,TK
1274,ADIYAMAN,KAHTA,AKINCILAR,ESKİTAŞ KÖYÜ,02450,TK,TK
1275,ADIYAMAN,KAHTA,AKINCILAR,GELDİBULDU KÖYÜ,02450,TK,TK
1276,ADIYAMAN,KAHTA,AKINCILAR,GÖÇERİ KÖYÜ,02450,TK,TK
1277,ADIYAMAN,KAHTA,AKINCILAR,GÜDÜLGE KÖYÜ,02450,TK,TK
1278,ADIYAMAN,KAHTA,AKINCILAR,HASKÖY KÖYÜ,02450,TK,TK
1279,ADIYAMAN,KAHTA,AKINCILAR,İKİZCE KÖYÜ,02450,TK,TK
1280,ADIYAMAN,KAHTA,AKINCILAR,KARATAŞ KÖYÜ,02450,TK,TK
1281,ADIYAMAN,KAHTA,AKINCILAR,MERKEZ MAH.,02450,TK,TK
1282,ADIYAMAN,KAHTA,AKINCILAR,OLUKLU KÖYÜ,02450,TK,TK
1283,ADIYAMAN,KAHTA,AKINCILAR,SOĞUKSU MAH.,02450,TK,TK
1284,ADIYAMAN,KAHTA,AKINCILAR,TUĞLU KÖYÜ,02450,TK,TK
1285,ADIYAMAN,KAHTA,AKINCILAR,ULUPINAR KÖYÜ,02450,TK,TK
1286,ADIYAMAN,KAHTA,AKINCILAR,YENİKUŞAK KÖYÜ,02450,TK,TK
1287,ADIYAMAN,KAHTA,AKINCILAR,YEŞİLKAYA KÖYÜ,02450,TK,TK
1288,ADIYAMAN,KAHTA,BÖLÜKYAYLA,ATATÜRK MAH.,02440,TK,TK
1289,ADIYAMAN,KAHTA,BÖLÜKYAYLA,CUMHURİYET MAH.,02440,TK,TK
1290,ADIYAMAN,KAHTA,BÖLÜKYAYLA,FATİH MAH.,02440,TK,TK
1291,ADIYAMAN,KAHTA,BÖLÜKYAYLA,KANGÖLÜ MAH.,02440,TK,TK
1292,ADIYAMAN,KAHTA,KAHTA,ATATÜRK MAH.,02400,TK,TK
1293,ADIYAMAN,KAHTA,KAHTA,BAĞLAR MAH.,02400,TK,TK
1294,ADIYAMAN,KAHTA,KAHTA,BAYRAKTAR MAH.,02400,TK,TK
1295,ADIYAMAN,KAHTA,KAHTA,CAMİ MAH.,02400,TK,TK
1296,ADIYAMAN,KAHTA,KAHTA,CUMHURİYET MAH.,02400,TK,TK
1297,ADIYAMAN,KAHTA,KAHTA,ÇOBANLI MAH.,02400,TK,TK
1298,ADIYAMAN,KAHTA,KAHTA,FATİH MAH.,02400,TK,TK
1299,ADIYAMAN,KAHTA,KAHTA,FIRAT MAH.,02400,TK,TK
1300,ADIYAMAN,KAHTA,KAHTA,GAZİ MAH.,02400,TK,TK
1301,ADIYAMAN,KAHTA,KAHTA,GİRNE MAH.,02400,TK,TK
1302,ADIYAMAN,KAHTA,KAHTA,HÜRRİYET MAH.,02400,TK,TK
1303,ADIYAMAN,KAHTA,KAHTA,KARŞIYAKA MAH.,02400,TK,TK
1304,ADIYAMAN,KAHTA,KAHTA,MENDERES MAH.,02400,TK,TK
1305,ADIYAMAN,KAHTA,KAHTA,ŞEYHBABA MAH.,02400,TK,TK
1306,ADIYAMAN,KAHTA,KAHTA,TURANLI MAH.,02400,TK,TK
1307,ADIYAMAN,KAHTA,KAHTA,TURGUTÖZAL MAH.,02400,TK,TK
1308,ADIYAMAN,KAHTA,KAHTA,YAVUZSELİM MAH.,02400,TK,TK
1309,ADIYAMAN,KAHTA,KAHTA,YENİ MAH.,02400,TK,TK
1310,ADIYAMAN,KAHTA,MERKEZKÖYLER,AKDOĞAN KÖYÜ,02400,TK,TK
1311,ADIYAMAN,KAHTA,MERKEZKÖYLER,AKKAVAK KÖYÜ,02400,TK,TK
1312,ADIYAMAN,KAHTA,MERKEZKÖYLER,AKKUŞ KÖYÜ,02400,TK,TK
1313,ADIYAMAN,KAHTA,MERKEZKÖYLER,ALİDAM KÖYÜ,02400,TK,TK
1314,ADIYAMAN,KAHTA,MERKEZKÖYLER,ARILI KÖYÜ,02400,TK,TK
1315,ADIYAMAN,KAHTA,MERKEZKÖYLER,AYDINPINAR KÖYÜ,02400,TK,TK
1316,ADIYAMAN,KAHTA,MERKEZKÖYLER,BAĞBAŞI KÖYÜ,02400,TK,TK
1317,ADIYAMAN,KAHTA,MERKEZKÖYLER,BAĞLAR KÖYÜ,02400,TK,TK
1318,ADIYAMAN,KAHTA,MERKEZKÖYLER,BAĞÖZÜ KÖYÜ,02400,TK,TK
1319,ADIYAMAN,KAHTA,MERKEZKÖYLER,BALLI KÖYÜ,02400,TK,TK
1320,ADIYAMAN,KAHTA,MERKEZKÖYLER,BELENLİ KÖYÜ,02400,TK,TK
1321,ADIYAMAN,KAHTA,MERKEZKÖYLER,BELÖREN KÖYÜ,02400,TK,TK
1322,ADIYAMAN,KAHTA,MERKEZKÖYLER,BOĞAZKAYA KÖYÜ,02400,TK,TK
1323,ADIYAMAN,KAHTA,MERKEZKÖYLER,BOSTANLI KÖYÜ,02400,TK,TK
1324,ADIYAMAN,KAHTA,MERKEZKÖYLER,BOZPINAR KÖYÜ,02400,TK,TK
1325,ADIYAMAN,KAHTA,MERKEZKÖYLER,BOZTARLA KÖYÜ,02400,TK,TK
1326,ADIYAMAN,KAHTA,MERKEZKÖYLER,BURMAPINAR KÖYÜ,02400,TK,TK
1327,ADIYAMAN,KAHTA,MERKEZKÖYLER,BÜYÜKBAĞ KÖYÜ,02400,TK,TK
1328,ADIYAMAN,KAHTA,MERKEZKÖYLER,BÜYÜKBEY KÖYÜ,02400,TK,TK
1329,ADIYAMAN,KAHTA,MERKEZKÖYLER,ÇAKIREŞME KÖYÜ,02400,TK,TK
1330,ADIYAMAN,KAHTA,MERKEZKÖYLER,ÇALTILI KÖYÜ,02400,TK,TK
1331,ADIYAMAN,KAHTA,MERKEZKÖYLER,ÇARDAK KÖYÜ,02400,TK,TK
1332,ADIYAMAN,KAHTA,MERKEZKÖYLER,ÇATALTEPE KÖYÜ,02400,TK,TK
1333,ADIYAMAN,KAHTA,MERKEZKÖYLER,ÇAYBAŞI KÖYÜ,02400,TK,TK
1334,ADIYAMAN,KAHTA,MERKEZKÖYLER,ÇIRALIK KÖYÜ,02400,TK,TK
1335,ADIYAMAN,KAHTA,MERKEZKÖYLER,ÇOBANLAR KÖYÜ,02400,TK,TK
1336,ADIYAMAN,KAHTA,MERKEZKÖYLER,ÇUKURTAŞ KÖYÜ,02400,TK,TK
1337,ADIYAMAN,KAHTA,MERKEZKÖYLER,DAMLACIK KÖYÜ,02400,TK,TK
1338,ADIYAMAN,KAHTA,MERKEZKÖYLER,DOLUCA KÖYÜ,02400,TK,TK
1339,ADIYAMAN,KAHTA,MERKEZKÖYLER,DUMLU KÖYÜ,02400,TK,TK
1340,ADIYAMAN,KAHTA,MERKEZKÖYLER,DUTKÖY KÖYÜ,02400,TK,TK
1341,ADIYAMAN,KAHTA,MERKEZKÖYLER,ECELER KÖYÜ,02400,TK,TK
1342,ADIYAMAN,KAHTA,MERKEZKÖYLER,EKİNCİ KÖYÜ,02400,TK,TK
1343,ADIYAMAN,KAHTA,MERKEZKÖYLER,ERİKDERE KÖYÜ,02400,TK,TK
1344,ADIYAMAN,KAHTA,MERKEZKÖYLER,ERİKLİ KÖYÜ,02400,TK,TK
1345,ADIYAMAN,KAHTA,MERKEZKÖYLER,ESENDERE KÖYÜ,02400,TK,TK
1346,ADIYAMAN,KAHTA,MERKEZKÖYLER,FINDIKÇALI KÖYÜ,02400,TK,TK
1347,ADIYAMAN,KAHTA,MERKEZKÖYLER,FISTIKLI KÖYÜ,02400,TK,TK
1348,ADIYAMAN,KAHTA,MERKEZKÖYLER,GÖKÇE KÖYÜ,02400,TK,TK
1349,ADIYAMAN,KAHTA,MERKEZKÖYLER,GÖLGELİ KÖYÜ,02400,TK,TK
1350,ADIYAMAN,KAHTA,MERKEZKÖYLER,GÜZELÇAY KÖYÜ,02400,TK,TK
1351,ADIYAMAN,KAHTA,MERKEZKÖYLER,HABİPLER KÖYÜ,02400,TK,TK
1352,ADIYAMAN,KAHTA,MERKEZKÖYLER,HACIYUSUF KÖYÜ,02400,TK,TK
1353,ADIYAMAN,KAHTA,MERKEZKÖYLER,HASANDİĞİN KÖYÜ,02400,TK,TK
1354,ADIYAMAN,KAHTA,MERKEZKÖYLER,IŞIKTEPE KÖYÜ,02400,TK,TK
1355,ADIYAMAN,KAHTA,MERKEZKÖYLER,İSLAMKÖY KÖYÜ,02400,TK,TK
1356,ADIYAMAN,KAHTA,MERKEZKÖYLER,KARACAÖREN KÖYÜ,02400,TK,TK
1357,ADIYAMAN,KAHTA,MERKEZKÖYLER,KARADUT KÖYÜ,02400,TK,TK
1358,ADIYAMAN,KAHTA,MERKEZKÖYLER,KARASU KÖYÜ,02400,TK,TK
1359,ADIYAMAN,KAHTA,MERKEZKÖYLER,KAVAKLI KÖYÜ,02400,TK,TK
1360,ADIYAMAN,KAHTA,MERKEZKÖYLER,KAYADİBİ KÖYÜ,02400,TK,TK
1361,ADIYAMAN,KAHTA,MERKEZKÖYLER,KOCAHİSAR KÖYÜ,02400,TK,TK
1362,ADIYAMAN,KAHTA,MERKEZKÖYLER,KOÇTEPE KÖYÜ,02400,TK,TK
1363,ADIYAMAN,KAHTA,MERKEZKÖYLER,KOZAĞAÇ KÖYÜ,02400,TK,TK
1364,ADIYAMAN,KAHTA,MERKEZKÖYLER,KÖSELER KÖYÜ,02400,TK,TK
1365,ADIYAMAN,KAHTA,MERKEZKÖYLER,MÜLKKÖY KÖYÜ,02400,TK,TK
1366,ADIYAMAN,KAHTA,MERKEZKÖYLER,NARİNCE KÖYÜ,02400,TK,TK
1367,ADIYAMAN,KAHTA,MERKEZKÖYLER,NARLIDERE KÖYÜ,02400,TK,TK
1368,ADIYAMAN,KAHTA,MERKEZKÖYLER,NARSIRTI KÖYÜ,02400,TK,TK
1369,ADIYAMAN,KAHTA,MERKEZKÖYLER,ORTANCA KÖYÜ,02400,TK,TK
1370,ADIYAMAN,KAHTA,MERKEZKÖYLER,OVACIK KÖYÜ,02400,TK,TK
1371,ADIYAMAN,KAHTA,MERKEZKÖYLER,SALKIMBAĞI KÖYÜ,02400,TK,TK
1372,ADIYAMAN,KAHTA,MERKEZKÖYLER,SARISU KÖYÜ,02400,TK,TK
1373,ADIYAMAN,KAHTA,MERKEZKÖYLER,SIRACA KÖYÜ,02400,TK,TK
1374,ADIYAMAN,KAHTA,MERKEZKÖYLER,SIRAKAYA KÖYÜ,02400,TK,TK
1375,ADIYAMAN,KAHTA,MERKEZKÖYLER,SUSUZ KÖYÜ,02400,TK,TK
1376,ADIYAMAN,KAHTA,MERKEZKÖYLER,ŞAHİNTEPE KÖYÜ,02400,TK,TK
1377,ADIYAMAN,KAHTA,MERKEZKÖYLER,ŞENKÖY KÖYÜ,02400,TK,TK
1378,ADIYAMAN,KAHTA,MERKEZKÖYLER,ŞEYHBABA KÖYÜ,02400,TK,TK
1379,ADIYAMAN,KAHTA,MERKEZKÖYLER,TAŞLICA KÖYÜ,02400,TK,TK
1380,ADIYAMAN,KAHTA,MERKEZKÖYLER,TAŞLIK KÖYÜ,02400,TK,TK
1381,ADIYAMAN,KAHTA,MERKEZKÖYLER,TEĞMENLİ KÖYÜ,02400,TK,TK
1382,ADIYAMAN,KAHTA,MERKEZKÖYLER,TÜTENOCAK KÖYÜ,02400,TK,TK
1383,ADIYAMAN,KAHTA,MERKEZKÖYLER,YAPRAKLI KÖYÜ,02400,TK,TK
1384,ADIYAMAN,KAHTA,MERKEZKÖYLER,YELKOVAN KÖYÜ,02400,TK,TK
1385,ADIYAMAN,KAHTA,MERKEZKÖYLER,YOLALTI KÖYÜ,02400,TK,TK
1386,ADIYAMAN,KAHTA,MERKEZKÖYLER,YOLÇATI KÖYÜ,02400,TK,TK
1387,ADIYAMAN,KAHTA,MERKEZKÖYLER,ZEYTİNKÖY KÖYÜ,02400,TK,TK
1388,ADIYAMAN,KAHTA,MERKEZKÖYLER,ZİYARET KÖYÜ,02400,TK,TK
1389,ADIYAMAN,SAMSAT,MERKEZKÖYLER,AKDAMAR KÖYÜ,02800,TK,TK
1390,ADIYAMAN,SAMSAT,MERKEZKÖYLER,BAĞARASI KÖYÜ,02800,TK,TK
1391,ADIYAMAN,SAMSAT,MERKEZKÖYLER,BAYIRLI KÖYÜ,02800,TK,TK
1392,ADIYAMAN,SAMSAT,MERKEZKÖYLER,ÇİÇEK KÖYÜ,02800,TK,TK
1393,ADIYAMAN,SAMSAT,MERKEZKÖYLER,DOĞANCA KÖYÜ,02800,TK,TK
1394,ADIYAMAN,SAMSAT,MERKEZKÖYLER,GÖLTARLA KÖYÜ,02800,TK,TK
1395,ADIYAMAN,SAMSAT,MERKEZKÖYLER,GÜLPINAR KÖYÜ,02800,TK,TK
1396,ADIYAMAN,SAMSAT,MERKEZKÖYLER,KIRMACIK KÖYÜ,02800,TK,TK
1397,ADIYAMAN,SAMSAT,MERKEZKÖYLER,KIZILÖZ KÖYÜ,02800,TK,TK
1398,ADIYAMAN,SAMSAT,MERKEZKÖYLER,KOVANOLUK KÖYÜ,02800,TK,TK
1399,ADIYAMAN,SAMSAT,MERKEZKÖYLER,KUŞTEPE KÖYÜ,02800,TK,TK
1400,ADIYAMAN,SAMSAT,MERKEZKÖYLER,OVACIK KÖYÜ,02800,TK,TK
1401,ADIYAMAN,SAMSAT,MERKEZKÖYLER,TAŞKUYU KÖYÜ,02800,TK,TK
1402,ADIYAMAN,SAMSAT,MERKEZKÖYLER,TEPEÖNÜ KÖYÜ,02800,TK,TK
1403,ADIYAMAN,SAMSAT,MERKEZKÖYLER,UZUNTEPE KÖYÜ,02800,TK,TK
1404,ADIYAMAN,SAMSAT,MERKEZKÖYLER,YARIMBAĞ KÖYÜ,02800,TK,TK
1405,ADIYAMAN,SAMSAT,SAMSAT,BARAJ MAH.,02800,TK,TK
1406,ADIYAMAN,SAMSAT,SAMSAT,KALE MAH.,02800,TK,TK
1407,ADIYAMAN,SAMSAT,SAMSAT,ÖRENTAŞ MAH.,02800,TK,TK
1408,ADIYAMAN,SAMSAT,SAMSAT,YAVUZSELİM MAH.,02800,TK,TK
1409,ADIYAMAN,SİNCİK,İNLİCE,ÇINAR MAH.,02920,TK,TK
1410,ADIYAMAN,SİNCİK,İNLİCE,ÇÜKAN MAH.,02920,TK,TK
1411,ADIYAMAN,SİNCİK,İNLİCE,FIRAT MAH.,02920,TK,TK
1412,ADIYAMAN,SİNCİK,İNLİCE,KARADAĞ MAH.,02920,TK,TK
1413,ADIYAMAN,SİNCİK,İNLİCE,ÖZBİLGİN MAH.,02920,TK,TK
1414,ADIYAMAN,SİNCİK,İNLİCE,TAŞLICA MAH.,02920,TK,TK
1415,ADIYAMAN,SİNCİK,İNLİCE,TUNA MAH.,02920,TK,TK
1416,ADIYAMAN,SİNCİK,MERKEZKÖYLER,AKSU KÖYÜ,02900,TK,TK
1417,ADIYAMAN,SİNCİK,MERKEZKÖYLER,ALANCIK KÖYÜ,02900,TK,TK
1418,ADIYAMAN,SİNCİK,MERKEZKÖYLER,ARIKONAK KÖYÜ,02900,TK,TK
1419,ADIYAMAN,SİNCİK,MERKEZKÖYLER,BALKAYA KÖYÜ,02900,TK,TK
1420,ADIYAMAN,SİNCİK,MERKEZKÖYLER,ÇAMDERE KÖYÜ,02900,TK,TK
1421,ADIYAMAN,SİNCİK,MERKEZKÖYLER,ÇAT KÖYÜ,02900,TK,TK
1422,ADIYAMAN,SİNCİK,MERKEZKÖYLER,ÇATBAHÇE KÖYÜ,02900,TK,TK
1423,ADIYAMAN,SİNCİK,MERKEZKÖYLER,DİLEKTEPE KÖYÜ,02900,TK,TK
1424,ADIYAMAN,SİNCİK,MERKEZKÖYLER,ESKİKÖY KÖYÜ,02900,TK,TK
1425,ADIYAMAN,SİNCİK,MERKEZKÖYLER,GEÇİTLİ KÖYÜ,02900,TK,TK
1426,ADIYAMAN,SİNCİK,MERKEZKÖYLER,HASANLI KÖYÜ,02900,TK,TK
1427,ADIYAMAN,SİNCİK,MERKEZKÖYLER,HÜSEYİNLİ KÖYÜ,02900,TK,TK
1428,ADIYAMAN,SİNCİK,MERKEZKÖYLER,KARAKÖSE KÖYÜ,02900,TK,TK
1429,ADIYAMAN,SİNCİK,MERKEZKÖYLER,NARLI KÖYÜ,02900,TK,TK
1430,ADIYAMAN,SİNCİK,MERKEZKÖYLER,PINARBAŞI KÖYÜ,02900,TK,TK
1431,ADIYAMAN,SİNCİK,MERKEZKÖYLER,SAKIZ KÖYÜ,02900,TK,TK
1432,ADIYAMAN,SİNCİK,MERKEZKÖYLER,SERİNCE KÖYÜ,02900,TK,TK
1433,ADIYAMAN,SİNCİK,MERKEZKÖYLER,SÖĞÜTLÜBAHÇE KÖYÜ,02900,TK,TK
1434,ADIYAMAN,SİNCİK,MERKEZKÖYLER,SUBAŞI KÖYÜ,02900,TK,TK
1435,ADIYAMAN,SİNCİK,MERKEZKÖYLER,ŞAHİNBEYLER KÖYÜ,02900,TK,TK
1436,ADIYAMAN,SİNCİK,MERKEZKÖYLER,ŞAHKULU KÖYÜ,02900,TK,TK
1437,ADIYAMAN,SİNCİK,MERKEZKÖYLER,TAŞKALE KÖYÜ,02900,TK,TK
1438,ADIYAMAN,SİNCİK,MERKEZKÖYLER,UĞURLU KÖYÜ,02900,TK,TK
1439,ADIYAMAN,SİNCİK,MERKEZKÖYLER,YARPUZLU KÖYÜ,02900,TK,TK
1440,ADIYAMAN,SİNCİK,SİNCİK,AYENGİN MAH.,02900,TK,TK
1441,ADIYAMAN,SİNCİK,SİNCİK,CUMURİYET MAH.,02900,TK,TK
1442,ADIYAMAN,SİNCİK,SİNCİK,FATİH MAH.,02900,TK,TK
1443,ADIYAMAN,SİNCİK,SİNCİK,KARAMAN MAH.,02900,TK,TK
1444,ADIYAMAN,SİNCİK,SİNCİK,MAHMUTOĞLU MAH.,02900,TK,TK
1445,ADIYAMAN,SİNCİK,SİNCİK,ONUR MAH.,02900,TK,TK
1446,ADIYAMAN,SİNCİK,SİNCİK,ZEYNALARSLAN MAH.,02900,TK,TK
1447,ADIYAMAN,TUT,MERKEZKÖYLER,AKÇATEPE KÖYÜ,02350,TK,TK
1448,ADIYAMAN,TUT,MERKEZKÖYLER,BOYUNDERE KÖYÜ,02350,TK,TK
1449,ADIYAMAN,TUT,MERKEZKÖYLER,ÇİFTLİKKÖY KÖYÜ,02350,TK,TK
1450,ADIYAMAN,TUT,MERKEZKÖYLER,ELÇİLER KÖYÜ,02350,TK,TK
1451,ADIYAMAN,TUT,MERKEZKÖYLER,HAVUTLU KÖYÜ,02350,TK,TK
1452,ADIYAMAN,TUT,MERKEZKÖYLER,KAŞLICA KÖYÜ,02350,TK,TK
1453,ADIYAMAN,TUT,MERKEZKÖYLER,KÖSELİ KÖYÜ,02350,TK,TK
1454,ADIYAMAN,TUT,MERKEZKÖYLER,MERYEMUŞAĞI KÖYÜ,02350,TK,TK
1455,ADIYAMAN,TUT,MERKEZKÖYLER,ÖĞÜTLÜ KÖYÜ,02350,TK,TK
1456,ADIYAMAN,TUT,MERKEZKÖYLER,TEPECİK KÖYÜ,02350,TK,TK
1457,ADIYAMAN,TUT,MERKEZKÖYLER,ÜNLÜCE KÖYÜ,02350,TK,TK
1458,ADIYAMAN,TUT,MERKEZKÖYLER,YALANKOZ KÖYÜ,02350,TK,TK
1459,ADIYAMAN,TUT,MERKEZKÖYLER,YAYLIMLI KÖYÜ,02350,TK,TK
1460,ADIYAMAN,TUT,MERKEZKÖYLER,YEŞİLYURT KÖYÜ,02350,TK,TK
1461,ADIYAMAN,TUT,TUT,AYNİYE MAH.,02350,TK,TK
1462,ADIYAMAN,TUT,TUT,BULANIK MAH.,02350,TK,TK
1463,ADIYAMAN,TUT,TUT,CUMURİYET MAH.,02350,TK,TK
1464,ADIYAMAN,TUT,TUT,ÇAMLICA MAH.,02350,TK,TK
1465,ADIYAMAN,TUT,TUT,FETHİYE MAH.,02350,TK,TK
1466,ADIYAMAN,TUT,TUT,GENİ MAH.,02350,TK,TK
1467,ADIYAMAN,TUT,TUT,REŞADİYE MAH.,02350,TK,TK
1468,ADIYAMAN,TUT,TUT,SALAH MAH.,02350,TK,TK
